Judge,Office,Total Dispositions,Total ALJ Dispositions Across All Offices,Decisions,Awards,Denials,Fully Favorable,Partially Favorable
"Balter, Michael N",AKRON OH,463,465,395,239,156,193,46
"Beatty, Gregory M",AKRON OH,429,429,373,184,189,161,23
"Cendrosky, Sharlee",AKRON OH,467,467,370,191,179,150,41
"Lohr, Mary",AKRON OH,458,458,387,230,157,203,27
"Panek, Jason",AKRON OH,507,507,414,189,225,166,23
"Raeber, Jeffrey",AKRON OH,57,199,46,33,13,21,12
"Schmitz, Michael F",AKRON OH,469,469,392,187,205,164,23
"Shinn, Charles",AKRON OH,589,589,512,336,175,326,10
"Ba-Yunus, Asad M.",ALBANY,434,434,360,176,184,152,24
"Black-Pennington, Dale",ALBANY,349,349,303,207,96,183,24
"Farrell, John G",ALBANY,366,366,302,253,49,239,14
"Kelly, Paul F",ALBANY,330,330,268,240,28,231,9
"LeCours, Brian",ALBANY,237,237,212,110,102,93,17
"Marcus, Michelle S",ALBANY,268,268,218,159,59,135,24
"Mulvey, Jude B",ALBANY,183,183,154,91,63,69,22
"Patane, Arthur",ALBANY,165,165,143,97,46,89,8
"Soltes, Jr., Andrew J.",ALBANY,461,461,404,244,160,160,84
"Benedict, David",ALBUQUERQUE,159,508,135,66,69,54,12
"Brown, Katherine W",ALBUQUERQUE,7,410,7,5,2,4,1
"Exnicios, Richard M",ALBUQUERQUE,127,463,110,66,44,57,9
"Fellabaum, Jennifer M",ALBUQUERQUE,304,304,222,152,70,122,30
"Fraiser, Jim",ALBUQUERQUE,3,489,0,0,0,0,0
"Freedman, Robert",ALBUQUERQUE,185,378,153,81,72,76,5
"Gontis, Stephen",ALBUQUERQUE,61,61,53,33,20,27,6
"Gutierrez, David R",ALBUQUERQUE,6,500,5,4,1,4,0
"Hansen, Dennis",ALBUQUERQUE,1,359,0,0,0,0,0
"Hansen, Holly",ALBUQUERQUE,170,519,147,93,54,71,22
"Hertzig, Michael S",ALBUQUERQUE,8,170,5,1,4,1,0
"Holmes, Janice L",ALBUQUERQUE,3,394,3,2,1,1,1
"Juge, Christopher H",ALBUQUERQUE,110,420,91,57,34,49,8
"Leppala, Michael",ALBUQUERQUE,437,437,356,181,175,131,50
"Lindsay, Michelle K",ALBUQUERQUE,272,272,210,107,103,86,21
"Simmons, D'Lisa",ALBUQUERQUE,1,530,0,0,0,0,0
"Stults, Douglas S.",ALBUQUERQUE,11,484,8,6,2,6,0
"Timmins, Talia",ALBUQUERQUE,477,477,372,175,197,143,32
"Wiedemann, Karen",ALBUQUERQUE,64,352,51,37,14,23,14
"Williams, Jr., Harry L",ALBUQUERQUE,1,250,1,0,1,0,0
"Wurm, David R",ALBUQUERQUE,13,500,12,6,6,5,1
"Able, Devona",ALEXANDRIA,375,375,312,152,160,118,34
"Daniels Smoke, Stephani",ALEXANDRIA,397,397,332,215,117,189,26
"Grant, Robert",ALEXANDRIA,489,489,394,275,119,255,20
"Molinar, Kathleen S",ALEXANDRIA,486,486,415,303,112,288,15
"Rachal, Steven M",ALEXANDRIA,439,439,351,149,202,96,53
"Ragona, Lawrence T",ALEXANDRIA,244,244,210,83,127,66,17
"Smilie, Carolyn",ALEXANDRIA,405,405,333,197,136,181,16
"Bentley, Lisa B",ATLANTA DOWNTOWN,354,354,297,141,156,97,44
"Childs, J. S",ATLANTA DOWNTOWN,358,358,291,213,78,203,10
"Crocker, Boyce",ATLANTA DOWNTOWN,1,527,1,1,0,1,0
"Dail, Grant",ATLANTA DOWNTOWN,188,445,151,92,59,70,22
"Dula, Melinda L",ATLANTA DOWNTOWN,22,119,18,10,8,8,2
"Egemonye, Ucheakpunwa",ATLANTA DOWNTOWN,431,431,369,223,146,142,81
"Flanagan, Brendan F",ATLANTA DOWNTOWN,126,126,95,21,74,10,11
"Gray, Stacy",ATLANTA DOWNTOWN,57,295,47,35,12,28,7
"Littlefield, Suzanne A",ATLANTA DOWNTOWN,224,224,190,136,54,127,9
"Lykins, Raymond M",ATLANTA DOWNTOWN,376,376,316,187,129,156,31
"McHenry, Laura G",ATLANTA DOWNTOWN,212,339,166,146,20,137,9
"McMichael, Carla",ATLANTA DOWNTOWN,231,231,194,103,91,92,11
"Messina, Christopher",ATLANTA DOWNTOWN,12,93,3,0,3,0,0
"Miller, Hilton R",ATLANTA DOWNTOWN,387,387,305,223,82,196,27
"Murray, S. Charles",ATLANTA DOWNTOWN,324,324,266,215,51,206,9
"Rodgers, Raymond",ATLANTA DOWNTOWN,2,608,2,2,0,2,0
"Bedell, Laurie",ATLANTA NORTH,383,383,329,217,112,197,20
"Callahan, William",ATLANTA NORTH,298,298,243,81,162,58,23
"Colarusso, Todd",ATLANTA NORTH,444,444,380,216,164,187,29
"Conlon, James",ATLANTA NORTH,368,368,297,157,140,137,20
"Fons, Gregory",ATLANTA NORTH,392,392,330,116,214,88,28
"Henry, Tracy",ATLANTA NORTH,4,4,4,1,3,0,1
"Lowther, Sheila",ATLANTA NORTH,5,38,4,3,1,2,1
"Narvil, Jeffrey C",ATLANTA NORTH,3,454,2,2,0,1,1
"Weaver, Cynthia G",ATLANTA NORTH,108,151,82,24,58,18,6
"Baker Jr, Robert",BALTIMORE,377,377,310,214,96,171,43
"Ball, Gary",BALTIMORE,357,357,274,187,87,151,36
"Ball, Nelisbeth",BALTIMORE,158,158,116,64,52,47,17
"Farnes, Milagros",BALTIMORE,72,72,69,56,13,49,7
"Forrest-Doyle, Mary",BALTIMORE,415,415,355,298,57,268,30
"Manico, William M",BALTIMORE,104,261,88,67,21,52,15
"Massengill, Scott",BALTIMORE,314,314,239,117,122,96,21
"Neely, Donald K",BALTIMORE,422,422,350,247,103,188,59
"Olmscheid, Melvin G",BALTIMORE,470,470,392,269,123,252,17
"Ortis, Jesus",BALTIMORE,1,5,1,0,1,0,0
"Posner, Tara J",BALTIMORE,369,369,275,165,110,121,44
"Simmonds, Clary",BALTIMORE,459,459,377,199,178,148,51
"Turner-Banks, Tamara",BALTIMORE,39,39,21,18,3,9,9
"Brennan, Luke A",BILLINGS,499,499,417,259,158,224,35
"Bridges, Kathryn",BILLINGS,135,293,118,69,49,52,17
"Dvarishkis, Tanya",BILLINGS,458,458,393,302,91,220,82
"Fuller, Roxanne",BILLINGS,3,214,2,2,0,1,1
"Henry, Brian J",BILLINGS,345,350,286,182,104,168,14
"Henry, Bryan",BILLINGS,12,488,11,7,4,5,2
"Kays, John",BILLINGS,361,436,299,213,86,199,14
"Kramzyk, Henry",BILLINGS,204,369,173,53,120,46,7
"Brown, Cynthia W",BIRMINGHAM,63,63,56,30,26,26,4
"Guthrie, Clarence",BIRMINGHAM,523,523,445,173,272,135,38
"Helmer, Mary E",BIRMINGHAM,397,397,349,139,210,115,24
"Jackson, Monica D",BIRMINGHAM,345,345,291,157,134,134,23
"Johnson, Lisa M",BIRMINGHAM,334,334,287,124,163,113,11
"Kraft, Emilie",BIRMINGHAM,409,409,337,178,159,148,30
"Lawson, William",BIRMINGHAM,179,179,159,122,37,111,11
"McDonald, Sheila E",BIRMINGHAM,96,96,86,44,42,41,3
"Merchant, George W",BIRMINGHAM,468,468,390,154,236,135,19
"Munford, Jerome L",BIRMINGHAM,21,21,20,5,15,5,0
"Reeves, Ronald",BIRMINGHAM,136,136,117,78,39,66,12
"Satisfield, Renee B",BIRMINGHAM,64,67,54,30,24,29,1
"Turner, Brian",BIRMINGHAM,401,401,350,294,56,272,22
"Waller, Robert",BIRMINGHAM,20,209,15,12,3,10,2
"Hurley, Francis",BOSTON,389,389,294,183,111,166,17
"Klibaner, Alexander",BOSTON,244,295,181,114,67,83,31
"Ramsey, William",BOSTON,94,94,71,47,24,42,5
"Rodgers, Sujata",BOSTON,474,474,395,179,216,113,66
"Ross, William T",BOSTON,279,279,239,153,86,117,36
"Sharrard, Anne",BOSTON,86,281,78,38,40,25,13
"Teehan, Sean",BOSTON,287,287,240,85,155,75,10
"Banks, Angela",BRONX,313,313,273,170,103,147,23
"Carlton, John",BRONX,314,314,254,120,134,74,46
"Feuer, Elias",BRONX,117,117,85,47,38,35,12
"Kanner, Brian G",BRONX,172,172,133,100,33,83,17
"Michalec Olszewski, Lau",BRONX,1,196,1,0,1,0,0
"Prybylski, Raymond",BRONX,365,365,297,169,128,142,27
"Schiro, Kimberly L",BRONX,43,43,34,28,6,25,3
"Schulz, Kimberly D",BRONX,265,265,219,118,101,100,18
"Singh, Sharda",BRONX,165,388,137,89,48,81,8
"Baird, Bryce",BUFFALO,306,306,251,155,96,127,28
"Bell, Stephan",BUFFALO,244,245,201,130,71,117,13
"Cordovani, Stephen",BUFFALO,349,349,294,149,145,130,19
"Georger, Paul",BUFFALO,397,397,322,180,142,157,23
"Kim, T.",BUFFALO,152,502,128,48,80,33,15
"Pinkus, Joshua",BUFFALO,72,238,65,50,15,48,2
"Valkavich, Helen",BUFFALO,69,405,65,41,24,32,9
"Weir, William M",BUFFALO,418,418,353,146,207,121,25
"Wright, Anna",BUFFALO,111,226,105,55,50,45,10
"Cartledge, James C",CHARLESTON SC,1,369,0,0,0,0,0
"Chase, Ethan A",CHARLESTON SC,150,150,121,64,57,57,7
"Crocker, Boyce",CHARLESTON SC,2,527,2,1,1,1,0
"Diggs, William",CHARLESTON SC,535,535,454,337,117,316,21
"Forbes-Schmitt, Nicole S",CHARLESTON SC,422,422,346,191,155,167,24
"Georgian, Tammy",CHARLESTON SC,420,420,325,60,265,42,18
"Green, Gloria W",CHARLESTON SC,16,127,16,10,6,7,3
"Healy, Philip J",CHARLESTON SC,205,411,170,77,93,69,8
"LaFata, Richard",CHARLESTON SC,168,168,145,120,25,77,43
"Watson, Carl B",CHARLESTON SC,366,366,303,146,157,135,11
"Bawolek, Valerie A",CHARLESTON WV,85,85,80,62,18,56,6
"Brown, Nathan",CHARLESTON WV,138,142,124,46,78,41,5
"Buel, Sr., Toby J",CHARLESTON WV,170,170,153,117,36,116,1
"Crislip, M. D",CHARLESTON WV,505,505,440,309,131,294,15
"Galloway, Christopher",CHARLESTON WV,508,508,447,267,180,211,56
"Mullins, Breinne A",CHARLESTON WV,208,208,182,91,91,75,16
"Serafin, Francine A",CHARLESTON WV,447,447,389,177,212,140,37
"Asseff, Brent T",CHARLOTTE,421,421,362,331,31,315,16
"Dail, Grant",CHARLOTTE,1,445,1,0,1,0,0
"Goodson, Paul",CHARLOTTE,366,366,298,162,136,136,26
"Hill, Vincent",CHARLOTTE,180,257,132,75,57,66,9
"Huggins, Randall D",CHARLOTTE,408,408,345,314,31,302,12
"Jamison, Peter",CHARLOTTE,415,415,345,279,66,265,14
"Jenkins, Theresa R.",CHARLOTTE,390,390,325,259,66,248,11
"McCoy, Nancy",CHARLOTTE,401,401,311,173,138,143,30
"Poulos, Susan",CHARLOTTE,302,302,254,82,172,69,13
"Ryerse, Mary",CHARLOTTE,407,407,339,281,58,259,22
"Selland, R. Dirk",CHARLOTTE,173,184,123,78,45,74,4
"Stefanelli, Valorie",CHARLOTTE,97,186,76,59,17,58,1
"Koclanes, Peter N",CHARLOTTESVILLE,469,469,400,193,207,158,35
"Moore, Carol G",CHARLOTTESVILLE,172,172,143,64,79,58,6
"Munday, H.",CHARLOTTESVILLE,438,438,367,146,221,109,37
"Rippel, Brian B",CHARLOTTESVILLE,479,479,401,170,231,151,19
"Benedict, Lauren L",CHATTANOOGA,389,389,297,193,104,137,56
"Brownfield, Michael L",CHATTANOOGA,2,2,2,2,0,2,0
"Case, John E",CHATTANOOGA,420,420,357,283,74,253,30
"Kliner, Wesley R",CHATTANOOGA,327,327,277,217,60,188,29
"Lappin, Randi E",CHATTANOOGA,144,144,124,100,24,90,10
"Luffman-Minor, Kristie",CHATTANOOGA,300,300,236,142,94,121,21
"McHenry, Laura G",CHATTANOOGA,127,339,118,97,21,94,3
"Morehead, Suhirjahaan",CHATTANOOGA,359,359,280,135,145,98,37
"Pierce, Katie H",CHATTANOOGA,3,74,3,1,2,1,0
"Swan, Michael R",CHATTANOOGA,79,79,62,58,4,55,3
"Barezky, Bonny S",CHICAGO,124,124,100,79,21,75,4
"Carey, Margaret A",CHICAGO,404,404,315,163,152,105,58
"Garelick, Jordan",CHICAGO,383,383,333,143,190,122,21
"Laskaris, Bill",CHICAGO,445,445,377,212,165,132,80
"Logan, Michael",CHICAGO,352,352,288,209,79,178,31
"Mellman, Nathan",CHICAGO,383,383,325,150,175,117,33
"Saame, Brian",CHICAGO,60,92,49,38,11,29,9
"Skidmore, David",CHICAGO,373,373,314,179,135,155,24
"Suffi, Carla",CHICAGO,386,386,324,206,118,180,26
"Woltering, Luke",CHICAGO,184,449,149,74,75,52,22
"Hodgson, Jessica",CINCINNATI,410,463,346,146,200,120,26
"Hubler, Lloyd",CINCINNATI,256,256,185,114,71,102,12
"Meadows, Cristen",CINCINNATI,503,503,428,318,110,278,40
"Nguyen, Thuy-Anh T",CINCINNATI,436,436,351,150,201,136,14
"Prince, John M",CINCINNATI,162,162,125,98,27,97,1
"Shaughnessy, Anne",CINCINNATI,360,360,305,174,131,152,22
"Tindale, Christopher S",CINCINNATI,487,487,397,202,195,179,23
"Adamo, Genevieve",CLEVELAND,400,400,360,192,168,149,43
"Aliberti, Louis",CLEVELAND,457,457,389,293,96,247,46
"Andreas, Frederick",CLEVELAND,203,203,180,88,92,81,7
"Budney, Amy",CLEVELAND,400,400,343,232,111,180,52
"Hajjar, Joseph G",CLEVELAND,401,401,309,101,208,88,13
"Hixson, Traci M",CLEVELAND,528,528,467,312,155,227,85
"Kearney, Keith J",CLEVELAND,491,491,419,237,182,210,27
"Leland, William",CLEVELAND,525,526,448,243,205,229,14
"Loucas, Penny",CLEVELAND,456,456,378,104,274,82,22
"Ma, Catherine",CLEVELAND,350,350,274,44,230,29,15
"Rose, Joseph A",CLEVELAND,385,385,336,224,112,200,24
"Westley, Eric",CLEVELAND,502,502,403,212,191,188,24
"Boudreau, Debra L",COLORADO SPRINGS,209,209,174,118,56,110,8
"Davis, Diane S",COLORADO SPRINGS,385,385,323,72,251,40,32
"Henry, Bryan",COLORADO SPRINGS,476,488,398,201,197,150,51
"Kawalek, Matthew C",COLORADO SPRINGS,496,496,424,171,253,78,93
"Schuman, Kurt D",COLORADO SPRINGS,184,184,135,79,56,53,26
"Campbell, Kellie",COLUMBIA MO,265,265,232,149,83,138,11
"Pico, Gerardo R",COLUMBIA MO,116,248,103,56,47,44,12
"Ruth, Vicky",COLUMBIA MO,468,468,394,220,174,176,44
"Bowling, Robert B",COLUMBIA SC,2,199,2,2,0,2,0
"Bumgarner, Ashley L",COLUMBIA SC,117,486,110,87,23,71,16
"Capece, Anthony",COLUMBIA SC,386,386,325,165,160,139,26
"Dail, Grant",COLUMBIA SC,7,445,7,5,2,5,0
"Daniels, Christopher R",COLUMBIA SC,363,363,298,167,131,148,19
"Droker, Robert",COLUMBIA SC,1,229,1,0,1,0,0
"Elkin, Paul",COLUMBIA SC,362,362,308,151,157,137,14
"Finnie, Michael E",COLUMBIA SC,1,279,1,1,0,1,0
"Fleming, Ronald",COLUMBIA SC,209,209,146,108,38,98,10
"Gray, Stacy",COLUMBIA SC,7,295,6,5,1,4,1
"Grounds, Sonya",COLUMBIA SC,1,108,1,1,0,1,0
"Hall, Brandie",COLUMBIA SC,1,208,1,1,0,1,0
"Healy, Philip J",COLUMBIA SC,2,411,2,1,1,1,0
"Herin, Jr., Walter C",COLUMBIA SC,249,250,220,141,79,109,32
"Jones, Brian",COLUMBIA SC,1,195,1,1,0,1,0
"Jones, Stephanie M",COLUMBIA SC,1,172,1,1,0,1,0
"Messina, Christopher",COLUMBIA SC,2,93,2,1,1,1,0
"Pustizzi, Jennifer",COLUMBIA SC,14,219,12,11,1,11,0
"Renfroe, Mary M",COLUMBIA SC,8,221,8,8,0,8,0
"Selland, R. Dirk",COLUMBIA SC,6,184,6,3,3,2,1
"Shoenholz, Jonathan T",COLUMBIA SC,350,350,300,182,118,155,27
"Silva, Mario G",COLUMBIA SC,1,15,0,0,0,0,0
"Spangler, Todd",COLUMBIA SC,1,215,1,1,0,1,0
"Thawley, John A",COLUMBIA SC,5,335,5,4,1,4,0
"Vallecillo, Gonzalo",COLUMBIA SC,1,150,1,1,0,1,0
"Vineyard, Joshua",COLUMBIA SC,393,393,323,165,158,130,35
"Vinson, Flora L",COLUMBIA SC,24,24,20,10,10,5,5
"Appleton, Stacy",COLUMBUS,211,488,185,88,97,75,13
"Cromer, Kimberly S",COLUMBUS,489,489,403,252,151,229,23
"Flottman, Irma J",COLUMBUS,131,131,113,84,29,72,12
"Hartranft, Jeffrey",COLUMBUS,476,476,397,239,158,228,11
"Horan, Patrick M.",COLUMBUS,520,520,415,251,164,232,19
"Lesperance, Jeannine",COLUMBUS,276,276,196,93,103,89,4
"Sanders, Deborah F",COLUMBUS,58,58,51,25,26,23,2
"Southern, Noceeba",COLUMBUS,1,470,1,0,1,0,0
"Tepley, Jason P",COLUMBUS,503,503,428,188,240,156,32
"Wang, Thomas L",COLUMBUS,180,180,135,72,63,55,17
"Winfrey, Matthew",COLUMBUS,343,343,300,205,95,182,23
"Yerian, Paul E",COLUMBUS,71,71,59,34,25,30,4
"Bestul, Joseph",COVINGTON GA,355,355,311,194,117,146,48
"Davis, L. E",COVINGTON GA,337,337,285,197,88,156,41
"Glover, Kristen",COVINGTON GA,301,301,248,126,122,98,28
"Grounds, Sonya",COVINGTON GA,107,108,86,68,18,64,4
"Hogan, William L",COVINGTON GA,31,31,31,19,12,11,8
"Jordan III, Wylly",COVINGTON GA,343,343,272,142,130,119,23
"McAdam, Paul",COVINGTON GA,328,328,255,188,67,174,14
"McIntyre, Melinda",COVINGTON GA,380,380,337,304,33,287,17
"Werner McEckron, Brooke",COVINGTON GA,352,352,305,205,100,178,27
"Collins, Peri",DALLAS DOWNTOWN,25,25,9,4,5,1,3
"Foley, David",DALLAS DOWNTOWN,473,475,398,208,190,175,33
"Kinnell, Tresie",DALLAS DOWNTOWN,362,362,298,181,117,147,34
"Lahat, Gal",DALLAS DOWNTOWN,336,336,282,196,86,188,8
"Maiben, Evelyn",DALLAS DOWNTOWN,420,420,357,235,122,192,43
"Mendola, Mark J",DALLAS DOWNTOWN,223,239,179,84,95,59,25
"Sartor, Rebecca B",DALLAS DOWNTOWN,299,302,240,134,106,108,26
"Sauve, Michael",DALLAS DOWNTOWN,442,442,366,191,175,167,24
"Thames, Tammy A",DALLAS DOWNTOWN,368,368,308,240,68,210,30
"Wurm, David R",DALLAS DOWNTOWN,3,500,2,1,1,1,0
"Haigler, Jr., Whitfield",DALLAS NORTH OHO,403,403,341,309,32,293,16
"Isherwood, Paul",DALLAS NORTH OHO,138,369,104,33,71,27,6
"Kim, Mark",DALLAS NORTH OHO,504,504,402,195,207,145,50
"Kinkade, Jana",DALLAS NORTH OHO,436,436,363,276,87,230,46
"Liken, Joseph",DALLAS NORTH OHO,529,529,429,375,54,328,47
"Mendola, Mark J",DALLAS NORTH OHO,1,239,1,1,0,1,0
"Nestler, Julie",DALLAS NORTH OHO,490,490,398,161,237,91,70
"Phillips, Derek N",DALLAS NORTH OHO,463,463,355,239,116,206,33
"Shilling, Ralph F",DALLAS NORTH OHO,290,292,238,132,106,118,14
"Walters, Charles",DALLAS NORTH OHO,442,442,348,290,58,271,19
"Wheeler, Thomas J",DALLAS NORTH OHO,524,524,421,200,221,151,49
"Barnes, Kevin R",DAYTON,539,539,483,385,98,356,29
"Blackmore, Alice F",DAYTON,3,277,0,0,0,0,0
"Hockensmith, Mark",DAYTON,2,389,2,2,0,2,0
"Kenyon, Gregory G",DAYTON,389,389,331,170,161,150,20
"Kerber, Carrie",DAYTON,207,481,169,104,65,76,28
"Southern, Heidi",DAYTON,483,483,404,318,86,282,36
"Denney, Debra J",DENVER,393,393,318,200,118,137,63
"Ginsberg, Lynn",DENVER,62,62,49,33,16,26,7
"Holappa, Jeffrey N",DENVER,426,426,333,184,149,165,19
"Hugar, Terrence",DENVER,375,375,320,257,63,233,24
"Justice, Erin",DENVER,511,511,425,248,177,226,22
"Kidd, M. S",DENVER,3,10,3,2,1,1,1
"Kurbegov, Sasha",DENVER,351,351,300,245,55,222,23
"LaRiccia, Rebecca",DENVER,444,444,369,163,206,132,31
"McGovern, Shane",DENVER,312,312,253,148,105,91,57
"Millington, Jennifer B",DENVER,433,433,351,217,134,183,34
"Sochaczewsky, Mark",DENVER,1,1,0,0,0,0,0
"Andrews, Tom",DES MOINES,55,55,51,38,13,35,3
"Fields, Kim A",DES MOINES,469,469,396,133,263,88,45
"Gordon, Matthew J",DES MOINES,440,440,380,258,122,218,40
"Hamilton, Henry",DES MOINES,465,465,397,316,81,244,72
"Larner, Michael L",DES MOINES,424,424,355,181,174,172,9
"Mills III, John P",DES MOINES,112,112,102,51,51,40,11
"Priester, John",DES MOINES,488,488,430,251,179,186,65
"Sandbothe, John E",DES MOINES,64,64,59,36,23,33,3
"Schmidt, Erin T",DES MOINES,410,410,355,121,234,88,33
"Burstein, Lauren G",DETROIT,70,317,61,25,36,16,9
"Guyton, Carol",DETROIT,81,81,77,44,33,26,18
"Mamelka, Colleen M",DETROIT,202,202,172,78,94,67,11
"McClinton, Jacquelyn A",DETROIT,378,378,329,159,170,128,31
"Morrow, Mary D.",DETROIT,417,417,371,120,251,84,36
"Overstreet, Jennifer",DETROIT,387,387,346,208,138,176,32
"Rabaut, John J",DETROIT,11,20,9,6,3,6,0
"Tobin, Therese",DETROIT,466,466,399,244,155,208,36
"Turner, Joy",DETROIT,457,457,407,308,99,289,19
"White-Simmons, Crystal L",DETROIT,330,330,279,147,132,122,25
"Xenos, Elias",DETROIT,416,416,373,245,128,187,58
"Butler, Steven L.",DOVER,453,453,367,231,136,211,20
"Reeves, Anthony",DOVER,401,401,347,233,114,210,23
"Reiling, Bernadette",DOVER,183,184,151,81,70,56,25
"Carter, Brady",ELKINS PARK,255,451,218,143,75,134,9
"Gabell, Margaret M",ELKINS PARK,452,452,372,195,177,147,48
"Gauffreau, Stuart",ELKINS PARK,493,493,427,312,115,259,53
"Goods, Raina",ELKINS PARK,169,324,127,90,37,75,15
"Hollo, Elana",ELKINS PARK,384,384,310,179,131,163,16
"Lash, Jennifer M",ELKINS PARK,324,324,276,165,111,138,27
"McAneney, Vivian",ELKINS PARK,179,179,148,76,72,61,15
"McDade, Kathleen",ELKINS PARK,258,258,226,138,88,126,12
"Morales Price, Sandra",ELKINS PARK,371,371,320,202,118,192,10
"Schwarz, Eric",ELKINS PARK,386,386,317,231,86,205,26
"Silverman, Marc",ELKINS PARK,409,409,339,172,167,160,12
"Spector, Jennifer",ELKINS PARK,436,436,367,192,175,153,39
"Woltering, Luke",ELKINS PARK,265,449,219,120,99,91,29
"Crowell, Jason W",EUGENE,400,400,334,185,149,148,37
"Hobbs, B.",EUGENE,421,421,371,278,93,248,30
"Johnson, Derek",EUGENE,9,352,6,3,3,3,0
"Rauenzahn, MaryKay",EUGENE,127,411,112,77,35,70,7
"Reeves, William P",EUGENE,142,421,122,64,58,55,9
"Sullivan, John D",EUGENE,362,362,313,211,102,188,23
"Weatherly, Katherine",EUGENE,457,457,394,237,157,217,20
"Bassett, Lovert F",EVANSTON,351,351,287,161,126,147,14
"Inouye, Jessica",EVANSTON,461,461,412,180,232,117,63
"Johnson, Lana",EVANSTON,414,414,349,181,168,129,52
"Lewin, Lee",EVANSTON,103,103,90,46,44,32,14
"MacDonald, James E",EVANSTON,483,483,419,291,128,252,39
"Pope, Stephen",EVANSTON,248,248,210,121,89,110,11
"Vodak, Kevin",EVANSTON,430,430,358,212,146,173,39
"Janney, Stuart T",EVANSVILLE,429,429,368,173,195,145,28
"Johns, Marcus",EVANSVILLE,446,446,389,194,195,166,28
"Martin, Kevin R",EVANSVILLE,421,421,366,222,144,193,29
"Onderak, Matthias D",EVANSVILLE,157,157,131,74,57,71,3
"Scurry, Michael",EVANSVILLE,468,468,405,231,174,207,24
"Yoder, Jason R",EVANSVILLE,463,463,399,233,166,191,42
"Ambuehl, Christel",FARGO,262,280,218,116,102,95,21
"Hlaudy, Richard",FARGO,447,447,372,244,128,200,44
"Rosten, Brenda",FARGO,486,486,416,274,142,230,44
"Stuber, Chris",FARGO,485,485,425,260,165,240,20
"Adams, Rebecca",FAYETTEVILLE NC,325,325,266,144,122,106,38
"Bumgarner, Ashley L",FAYETTEVILLE NC,369,486,332,262,70,212,50
"Green, Gloria W",FAYETTEVILLE NC,90,127,79,73,6,67,6
"Lucas, Vanessa",FAYETTEVILLE NC,512,512,445,322,123,298,24
"Porter, Adrienne",FAYETTEVILLE NC,516,516,431,263,168,239,24
"Thawley, John A",FAYETTEVILLE NC,324,335,263,239,24,223,16
"Uren Roberson, Amy",FAYETTEVILLE NC,87,319,80,32,48,28,4
"Willis, Christopher",FAYETTEVILLE NC,544,544,446,210,236,170,40
"Dunn, Michael R",FLINT,173,173,138,81,57,52,29
"Fallis, Kevin W",FLINT,429,429,377,157,220,98,59
"Mattia, Christopher J",FLINT,198,520,172,116,56,98,18
"Quandt, Nicole",FLINT,557,557,499,316,183,270,46
"Sloss, Andrew G",FLINT,499,499,417,255,162,222,33
"Sobrino, Regina",FLINT,126,126,113,57,56,24,33
"Digby, Patrick R.",FLORENCE,285,285,222,85,137,76,9
"Gray, Stacy",FLORENCE,32,295,24,14,10,13,1
"Green, Gloria W",FLORENCE,3,127,3,3,0,3,0
"Grimes, James",FLORENCE,391,391,333,130,203,100,30
"Lewis, Jason A",FLORENCE,407,407,352,239,113,219,20
"Richey, Mallette",FLORENCE,357,357,311,138,173,108,30
"Weaver, Cynthia G",FLORENCE,43,151,34,10,24,9,1
"Williams, Lori J",FLORENCE,346,346,286,144,142,98,46
"Johannes, Ryan",FORT MYERS FL,447,447,375,283,92,245,38
"Northington, Maria C",FORT MYERS FL,479,479,407,339,68,331,8
"Rodgers, Raymond",FORT MYERS FL,606,608,515,263,252,250,13
"Davis, Harold D",FORT SMITH,40,40,37,28,9,28,0
"Helget, Thomas J",FORT SMITH,1,590,0,0,0,0,0
"Jones, Bill",FORT SMITH,496,496,437,261,176,233,28
"McGee, Elisabeth",FORT SMITH,503,503,441,239,202,200,39
"Monahan, Camille",FORT SMITH,193,324,170,99,71,75,24
"Neel, Glenn A",FORT SMITH,215,215,193,128,65,112,16
"Blackmore, Alice F",FORT WAYNE,108,277,85,53,32,44,9
"Jacques, Meredith L",FORT WAYNE,121,512,99,39,60,29,10
"Katich, Stephanie",FORT WAYNE,246,246,208,122,86,106,16
"Miller, Terry",FORT WAYNE,449,449,401,278,123,251,27
"Pierson, William D",FORT WAYNE,463,463,401,227,174,193,34
"Batik, Kevin",FORT WORTH,494,494,409,200,209,166,34
"Bowen, Carol K",FORT WORTH,220,222,189,116,73,102,14
"Carvalho, Sherrill A. L",FORT WORTH,448,448,373,192,181,139,53
"Cima, Brock",FORT WORTH,460,460,381,205,176,174,31
"Hamner, Darren",FORT WORTH,461,461,381,244,137,210,34
"Hertzig, Michael S",FORT WORTH,1,170,1,0,1,0,0
"Panter, Marjorie",FORT WORTH,234,234,198,84,114,69,15
"Roberts, Laura",FORT WORTH,506,506,407,237,170,190,47
"Van Dyck, Christopher",FORT WORTH,16,16,15,7,8,4,3
"Wyatt, Kimberly O",FORT WORTH,11,355,11,6,5,5,1
"Daughtry, John R",FRANKLIN TN,338,338,296,190,106,139,51
"Dougherty, Brian",FRANKLIN TN,384,384,336,183,153,168,15
"Finnie, Michael E",FRANKLIN TN,273,279,231,100,131,85,15
"Heath, Shannon H",FRANKLIN TN,368,368,294,101,193,76,25
"Morgan, Kerry",FRANKLIN TN,113,415,100,67,33,66,1
"Neuhoff, Elizabeth P",FRANKLIN TN,333,333,289,132,157,109,23
"Reap, J. D",FRANKLIN TN,350,350,293,205,88,169,36
"Roberts-Reap, Linda Gai",FRANKLIN TN,294,294,248,191,57,186,5
"Shimer, Scott C",FRANKLIN TN,385,385,342,166,176,141,25
"Suttles, Gary J",FRANKLIN TN,337,337,289,97,192,64,33
"Turner, Marty S",FRANKLIN TN,103,451,92,60,32,54,6
"Bechtold, Young L",FRESNO,93,379,77,27,50,15,12
"Bozarth, Shiva",FRESNO,312,312,259,168,91,150,18
"Chan, Eva",FRESNO,218,477,183,100,83,72,28
"Duann, Tom",FRESNO,4,344,1,1,0,1,0
"Elias, Yasmin",FRESNO,1,143,1,1,0,1,0
"Engel, David W",FRESNO,27,304,19,16,3,16,0
"Loo, Katherine",FRESNO,1,116,1,0,1,0,0
"Mastin, Jeffrey",FRESNO,17,62,11,8,3,8,0
"Mengesha-Brown, Trina",FRESNO,2,295,0,0,0,0,0
"Rauenzahn, MaryKay",FRESNO,12,411,8,6,2,5,1
"Septer, Scot",FRESNO,405,405,361,211,150,171,40
"Stewart, Nancy M",FRESNO,364,364,327,228,99,192,36
"Suing, Timothy",FRESNO,11,106,8,5,3,4,1
"Valkavich, Helen",FRESNO,25,405,20,15,5,11,4
"Yasutomi, Mark",FRESNO,39,304,24,20,4,11,9
"Alonso, Sylvia H",FT LAUDERDALE,190,190,157,42,115,32,10
"D'Alessio, Rossana L",FT LAUDERDALE,427,427,356,252,104,223,29
"Hunn, Wendy",FT LAUDERDALE,269,269,228,152,76,139,13
"Jarvis, Valencia",FT LAUDERDALE,412,412,331,59,272,39,20
"Labrousse, Lissette",FT LAUDERDALE,440,440,349,146,203,101,45
"Neel, Angela L",FT LAUDERDALE,527,527,415,95,320,56,39
"Ortiz-Valero, Richard J",FT LAUDERDALE,504,504,400,233,167,215,18
"Pasvantis, Denise",FT LAUDERDALE,401,401,311,165,146,151,14
"Pustizzi, Jennifer",FT LAUDERDALE,200,219,160,73,87,63,10
"Sprague, Jonathan",FT LAUDERDALE,386,386,316,244,72,224,20
"Harmon, Cynthia S",GRAND RAPIDS,494,494,430,255,175,209,46
"Himebaugh, Kevin",GRAND RAPIDS,522,522,460,302,158,259,43
"Ohanesian, Nicholas M",GRAND RAPIDS,265,266,227,161,66,153,8
"Raterink, Dennis",GRAND RAPIDS,477,477,407,297,110,276,21
"Reamon, William G",GRAND RAPIDS,451,451,382,165,217,134,31
"Tjapkes, Robert J",GRAND RAPIDS,534,534,466,188,278,118,70
"Booth III, Joseph",GREENSBORO,320,320,269,158,111,136,22
"Cavadi, Michelle D",GREENSBORO,317,317,275,123,152,71,52
"Dorman, Clint",GREENSBORO,336,336,301,230,71,191,39
"Firestone, Scott C",GREENSBORO,153,157,123,68,55,63,5
"Jackson, Richard",GREENSBORO,309,309,246,191,55,183,8
"McMillion, Benjamin R",GREENSBORO,325,325,270,164,106,143,21
"Spitz, Maria L",GREENSBORO,350,350,311,264,47,198,66
"Taylor, William F",GREENSBORO,2,113,2,2,0,2,0
"von Euler, Barbara",GREENSBORO,349,349,281,170,111,124,46
"Craven, Amanda",GREENVILLE,414,414,350,253,97,224,29
"Cumbie, James",GREENVILLE,401,401,337,260,77,228,32
"Dixon III, Andrew",GREENVILLE,9,282,5,4,1,2,2
"Fritz, Colin",GREENVILLE,294,294,248,140,108,126,14
"Hess, Thaddeus J",GREENVILLE,526,526,446,286,160,250,36
"Jordan, Alice",GREENVILLE,66,66,57,33,24,23,10
"Lott, Roger",GREENVILLE,1,415,0,0,0,0,0
"Martin, James M",GREENVILLE,394,394,322,208,114,175,33
"Paschall, Ann G.",GREENVILLE,8,8,7,5,2,4,1
"Peace, Jerry W",GREENVILLE,197,197,160,80,80,72,8
"Petri, J.",GREENVILLE,355,355,308,182,126,163,19
"Thawley, John A",GREENVILLE,1,335,1,1,0,1,0
"Walter, Nicholas",GREENVILLE,5,365,3,1,2,1,0
"Begley, David J",HARRISBURG,10,192,6,2,4,2,0
"Cutter, Patrick S",HARRISBURG,415,415,316,217,99,209,8
"Guida, Richard E",HARRISBURG,557,557,458,105,353,84,21
"Kauffman, Howard",HARRISBURG,523,523,438,175,263,155,20
"Reiling, Bernadette",HARRISBURG,1,184,0,0,0,0,0
"Staller, Scott M",HARRISBURG,497,497,408,200,208,178,22
"Alger, Ryan A",HARTFORD,348,348,293,174,119,150,24
"Bonsangue, Louis",HARTFORD,420,420,353,201,152,163,38
"Borre, Alexander P",HARTFORD,406,407,353,173,180,123,50
"Lemoine, Brian W",HARTFORD,155,350,138,109,29,109,0
"Molleur, John T",HARTFORD,8,234,7,2,5,1,1
"Noel, John",HARTFORD,396,396,339,248,91,229,19
"Sweeney, Edward F",HARTFORD,439,439,367,196,171,175,21
"Burkes, Felicia D",HATTIESBURG,428,428,338,108,230,91,17
"Elkins, James S",HATTIESBURG,400,400,342,295,47,278,17
"Gilmer, Douglas",HATTIESBURG,240,240,204,74,130,69,5
"Grayson, Lori S",HATTIESBURG,353,353,302,134,168,110,24
"Grayson, William C",HATTIESBURG,389,389,324,141,183,128,13
"Harbart, Michael D",HATTIESBURG,259,259,198,57,141,55,2
"Hollingsworth, Wendy",HATTIESBURG,378,378,309,203,106,175,28
"Jones, Brian",HATTIESBURG,155,195,128,77,51,69,8
"Porciello, Laurie H",HATTIESBURG,368,368,312,96,216,59,37
"Williams, Lanier",HATTIESBURG,16,16,14,5,9,3,2
"Cabotaje, Michael A",HONOLULU,75,191,65,39,26,32,7
"Elias, Yasmin",HONOLULU,2,143,1,1,0,1,0
"Hatfield, Jeffrey",HONOLULU,146,146,121,95,26,90,5
"Kirby, Marti",HONOLULU,17,283,17,11,6,9,2
"Meyer, Ruxana",HONOLULU,522,522,425,287,138,217,70
"Romeo, David",HONOLULU,46,46,46,24,22,20,4
"Yasutomi, Mark",HONOLULU,3,304,2,2,0,2,0
"Gutierrez, David R",HOUSTON NORTH,494,500,413,303,110,271,32
"Hebert, David J",HOUSTON NORTH,410,410,339,173,166,145,28
"Helget, Thomas J",HOUSTON NORTH,589,590,488,243,245,230,13
"Howard, William B",HOUSTON NORTH,412,412,331,194,137,181,13
"Meyer, Gerald L",HOUSTON NORTH,500,500,407,229,178,206,23
"Sharp, William",HOUSTON NORTH,445,445,383,162,221,138,24
"Simmons, D'Lisa",HOUSTON NORTH,529,530,440,319,121,299,20
"Stubblefield, Ross",HOUSTON NORTH,622,622,543,257,286,239,18
"Williams, Jr., Harry L",HOUSTON NORTH,248,250,190,121,69,104,17
"Bach, Laura",HOUSTON WEST,506,506,441,313,128,249,64
"Beers, Caroline H",HOUSTON WEST,415,415,372,139,233,115,24
"Bennett, Vincent",HOUSTON WEST,303,303,244,88,156,78,10
"Boyle, Solomon",HOUSTON WEST,402,402,304,149,155,130,19
"Burdette, Robert N",HOUSTON WEST,423,423,333,224,109,203,21
"Eason, Kimani R",HOUSTON WEST,459,459,391,192,199,136,56
"Gilbert, Richard A",HOUSTON WEST,521,521,433,257,176,237,20
"Matthews, Kelly",HOUSTON WEST,413,413,342,137,205,96,41
"Mendola, Mark J",HOUSTON WEST,8,239,5,3,2,2,1
"Strong, Helen F",HOUSTON WEST,385,385,309,267,42,257,10
"Suing, Timothy",HOUSTON WEST,83,106,70,44,26,36,8
"Hajjar, Christina",HUNTINGTON WV,485,485,413,211,202,168,43
"Hodges, Maria",HUNTINGTON WV,520,520,464,239,225,196,43
"Meade, Jerry",HUNTINGTON WV,317,317,258,87,171,80,7
"Wells, Melinda",HUNTINGTON WV,270,270,219,125,94,115,10
"Allen, Noell F",INDIANAPOLIS,345,345,307,225,82,196,29
"Ciegel, Jeffrey S",INDIANAPOLIS,549,549,467,203,264,182,21
"Kroenecke, Teresa A",INDIANAPOLIS,435,435,382,205,177,186,19
"LaPolt, Monica",INDIANAPOLIS,479,479,411,270,141,252,18
"Mages, Daniel J",INDIANAPOLIS,508,508,458,337,121,314,23
"Odell, Jody H",INDIANAPOLIS,476,476,409,284,125,269,15
"Roberson, Fredric",INDIANAPOLIS,504,504,442,267,175,238,29
"Turner, Timothy",INDIANAPOLIS,195,195,149,105,44,100,5
"Veal, Shelette",INDIANAPOLIS,468,468,406,266,140,247,19
"Velasquez, Albert J",INDIANAPOLIS,285,285,258,188,70,179,9
"Walker, Kevin",INDIANAPOLIS,507,507,446,205,241,181,24
"Whitfield, Gladys",INDIANAPOLIS,414,414,368,188,180,156,32
"Brand, Marilyn R",JACKSON MS OHO,420,420,355,209,146,196,13
"De Gruy, Elizabeth",JACKSON MS OHO,152,163,125,70,55,67,3
"Melvin, Patricia",JACKSON MS OHO,390,390,314,142,172,116,26
"Narvil, Jeffrey C",JACKSON MS OHO,451,454,368,174,194,161,13
"Stroud, Larry J",JACKSON MS OHO,374,374,306,215,91,200,15
"Collins, Yelanda",JACKSONVILLE,280,280,231,172,59,135,37
"Droker, Robert",JACKSONVILLE,228,229,177,92,85,84,8
"Fitzgerald, Kelley",JACKSONVILLE,281,281,214,93,121,79,14
"Froehlich, Gregory J",JACKSONVILLE,335,335,268,153,115,148,5
"Furcolo, Richard",JACKSONVILLE,333,333,273,86,187,60,26
"Greer, William H",JACKSONVILLE,364,364,289,174,115,150,24
"Koster, Guy",JACKSONVILLE,251,251,199,125,74,108,17
"Landrum, Bruce",JACKSONVILLE,341,341,281,178,103,165,13
"Morris, Scott T",JACKSONVILLE,288,288,223,103,120,88,15
"Porter, Bernard",JACKSONVILLE,357,357,304,148,156,137,11
"Terry, Ken B",JACKSONVILLE,130,130,107,61,46,54,7
"Addison, Andrea",JERSEY CITY,432,432,368,293,75,260,33
"Barr, Sheena",JERSEY CITY,250,250,211,190,21,179,11
"Gonzalez, Robert",JERSEY CITY,227,530,203,129,74,119,10
"Kenneally, Kevin",JERSEY CITY,486,486,416,276,140,249,27
"Loewy, Dina R",JERSEY CITY,264,264,224,132,92,102,30
"Moore, Trina",JERSEY CITY,390,390,335,153,182,117,36
"Morgan, Aaron M",JERSEY CITY,2,220,2,2,0,2,0
"Pantuso, Gina",JERSEY CITY,312,320,264,160,104,149,11
"Russak, Jack",JERSEY CITY,367,367,323,183,140,147,36
"Suna, David",JERSEY CITY,371,371,298,190,108,179,11
"Toland, Marguerite",JERSEY CITY,91,91,88,58,30,46,12
"Carter, Brady",JOHNSTOWN,171,451,146,81,65,76,5
"Hostovich, Julianne",JOHNSTOWN,99,252,87,42,45,38,4
"Powers, Erin",JOHNSTOWN,522,522,442,247,195,207,40
"Reaves, Tiesh I",JOHNSTOWN,530,530,458,233,225,178,55
"Ambuehl, Christel",KANSAS CITY,18,280,12,8,4,5,3
"Barnes-Williams, Janice E",KANSAS CITY,215,215,172,62,110,52,10
"Comisky, Michael",KANSAS CITY,352,352,288,155,133,123,32
"Cooke, Christine A",KANSAS CITY,377,377,333,200,133,171,29
"Deans, Joan H",KANSAS CITY,396,396,343,176,167,144,32
"Erickson, Diana",KANSAS CITY,313,313,269,194,75,171,23
"Gulick, Scot",KANSAS CITY,101,101,93,32,61,17,15
"Jung, P. H",KANSAS CITY,336,336,259,160,99,155,5
"Kelly, Robert A",KANSAS CITY,435,435,355,79,276,58,21
"Kidd, M. S",KANSAS CITY,4,10,4,1,3,1,0
"Lehr, Michael A",KANSAS CITY,395,395,331,252,79,238,14
"Mein, Christina Y",KANSAS CITY,439,439,370,140,230,110,30
"Naggi, Mark",KANSAS CITY,354,354,305,268,37,253,15
"Neal, Toni",KANSAS CITY,57,86,38,13,25,11,2
"Rabaut, John J",KANSAS CITY,9,20,9,1,8,1,0
"Werner, Michael",KANSAS CITY,411,411,360,162,198,112,50
"Barber, Robin J",KINGSPORT,373,373,325,125,200,112,13
"Battles, Brian",KINGSPORT,136,289,104,39,65,28,11
"Burton, Benjamin",KINGSPORT,359,359,305,141,164,129,12
"Evans, III, George L",KINGSPORT,28,67,25,17,8,16,1
"Hogan, Gentry C",KINGSPORT,252,252,219,165,54,159,6
"Howard, Charles R",KINGSPORT,464,464,421,249,172,220,29
"Keen, Carolyn",KINGSPORT,37,37,33,17,16,12,5
"Pilkey, Keith C",KINGSPORT,406,406,357,241,116,214,27
"Pottinger, John A",KINGSPORT,400,400,348,197,151,176,21
"Renfroe, Mary M",KINGSPORT,212,221,175,103,72,90,13
"Burke, J. Elaine",KNOXVILLE,91,91,81,58,23,53,5
"Dixon, James",KNOXVILLE,408,408,347,227,120,209,18
"Francis, Joyce",KNOXVILLE,279,279,206,28,178,23,5
"Green, Gloria W",KNOXVILLE,14,127,14,7,7,6,1
"Grissom, K. Dickson",KNOXVILLE,331,331,276,162,114,157,5
"Jones, Stephanie M",KNOXVILLE,171,172,138,105,33,94,11
"Morgan, Kerry",KNOXVILLE,302,415,282,160,122,158,2
"Spangler, Todd",KNOXVILLE,3,215,3,1,2,1,0
"Ambrose, Christopher",LANSING,285,286,259,205,54,187,18
"Burgtorf, Brian",LANSING,433,433,385,170,215,131,39
"Jones, Paul W",LANSING,431,431,371,153,218,131,22
"Read, David",LANSING,482,482,428,196,232,148,48
"Rosenberg, Amy L",LANSING,434,434,381,231,150,203,28
"Freedman, Robert",LAS VEGAS,71,378,59,28,31,27,1
"Gatto, David K",LAS VEGAS,433,433,335,231,104,220,11
"Hoover, Cynthia R",LAS VEGAS,241,241,171,69,102,36,33
"Kadlec, Kathleen",LAS VEGAS,1,346,1,0,1,0,0
"Kirby, Marti",LAS VEGAS,3,283,3,2,1,2,0
"Morholt, Neil",LAS VEGAS,263,457,198,108,90,88,20
"Ray, Thomas M",LAS VEGAS,211,211,143,123,20,114,9
"Sokolski, Deanna L",LAS VEGAS,42,109,31,21,10,18,3
"Zeidman, Arthur",LAS VEGAS,159,159,127,59,68,44,15
"Baird, Jonathan P",LAWRENCE MA,335,335,284,203,81,174,29
"Belford, Timothy",LAWRENCE MA,473,473,413,253,160,178,75
"Benson, John",LAWRENCE MA,458,458,407,213,194,180,33
"Bush, Ellen P",LAWRENCE MA,182,182,174,81,93,49,32
"Dziepak, Anthony",LAWRENCE MA,440,440,375,202,173,180,22
"Klibaner, Alexander",LAWRENCE MA,51,295,39,20,19,17,3
"Bowling, Robert B",LEXINGTON,196,199,154,59,95,48,11
"Crocker, Boyce",LEXINGTON,523,527,460,214,246,185,29
"Eastham, Lyle",LEXINGTON,401,401,349,197,152,154,43
"Holsclaw, Greg",LEXINGTON,424,424,373,167,206,160,7
"Isaacs, Davida H",LEXINGTON,399,400,342,186,156,151,35
"Jackson, Karen R",LEXINGTON,452,452,400,193,207,168,25
"Kleber, Kendra S",LEXINGTON,122,122,89,61,28,58,3
"Lovitt, Jerry",LEXINGTON,367,367,321,166,155,151,15
"Saragas, Antony",LEXINGTON,466,466,404,206,198,146,60
"Sheppard, Christopher C",LEXINGTON,448,448,387,227,160,206,21
"Stanley, Jonathan",LEXINGTON,431,431,381,221,160,191,30
"Alexander, Kevin T",LITTLE ROCK,421,421,336,108,228,96,12
"Chaparro, Eliaser",LITTLE ROCK,249,249,212,95,117,92,3
"Cheffins, Thomas",LITTLE ROCK,535,535,435,132,303,76,56
"Davis, Bradley L",LITTLE ROCK,470,470,383,108,275,81,27
"Ferguson, Mark",LITTLE ROCK,536,536,456,250,206,219,31
"Foley, David",LITTLE ROCK,2,475,0,0,0,0,0
"Fraiser, Jim",LITTLE ROCK,3,489,3,1,2,1,0
"Goree, John H",LITTLE ROCK,486,486,403,255,148,248,7
"Hansen, Dennis",LITTLE ROCK,326,359,287,131,156,123,8
"Schafer, Mark",LITTLE ROCK,474,474,379,120,259,85,35
"Wood, Paul",LITTLE ROCK,561,561,453,166,287,132,34
"Wurm, David R",LITTLE ROCK,4,500,4,0,4,0,0
"Burstein, Lauren G",LIVONIA MI,247,317,202,84,118,75,9
"Chavez, Robert J",LIVONIA MI,421,421,354,227,127,204,23
"D'Amato, Donald G",LIVONIA MI,536,536,464,300,164,273,27
"Dietz, Allison",LIVONIA MI,512,512,449,223,226,187,36
"Fernandez, Ramona L",LIVONIA MI,57,57,46,20,26,18,2
"Mason, Jr., David A",LIVONIA MI,232,232,196,112,84,77,35
"Mattia, Christopher J",LIVONIA MI,322,520,283,162,121,135,27
"Smereka, Anthony R",LIVONIA MI,522,522,441,241,200,218,23
"Smisek, Sarah R",LIVONIA MI,450,450,393,231,162,203,28
"Coburn, D.",LONG BEACH,452,452,373,116,257,72,44
"Floyd, Cynthia",LONG BEACH,371,371,303,198,105,166,32
"Gallegos, Kimberly M",LONG BEACH,116,473,98,49,49,35,14
"Hertzig, Michael S",LONG BEACH,3,170,3,0,3,0,0
"Marcee, Joseph",LONG BEACH,179,323,164,91,73,84,7
"Thompson, Michelle",LONG BEACH,3,254,3,3,0,2,1
"Williams, Jr., Harry L",LONG BEACH,1,250,0,0,0,0,0
"Yerkey, Marc A",LONG BEACH,321,325,260,174,86,164,10
"Allen, Michelle I",LONG ISLAND,224,224,190,138,52,121,17
"Berkowitz, Alan B",LONG ISLAND,458,458,380,258,122,236,22
"Crawley, Brian J",LONG ISLAND,209,209,188,164,24,149,15
"Kilgannon, Patrick",LONG ISLAND,324,324,262,193,69,177,16
"Stagno, Linda A",LONG ISLAND,354,354,313,258,55,234,24
"Tirrell, Scott R",LONG ISLAND,387,387,337,233,104,206,27
"Tobias, David",LONG ISLAND,385,385,323,257,66,246,11
"Weiss, Andrew S",LONG ISLAND,83,83,70,47,23,44,3
"Gunn, Evelyn M",LOS ANGELES DOWNTOWN,260,260,203,111,92,97,14
"Irias, Sigrid",LOS ANGELES DOWNTOWN,427,427,375,238,137,208,30
"Park, Sung",LOS ANGELES DOWNTOWN,400,400,334,183,151,161,22
"Thompson, Michelle",LOS ANGELES DOWNTOWN,225,254,189,151,38,144,7
"Breen, Richard T",LOS ANGELES WEST,494,494,388,196,192,170,26
"Lishner, Elizabeth R",LOS ANGELES WEST,182,182,149,126,23,114,12
"Reason, Sally C",LOS ANGELES WEST,354,354,263,105,158,99,6
"Reich, Gail",LOS ANGELES WEST,379,379,299,234,65,226,8
"Rosenbluth, Robin",LOS ANGELES WEST,351,351,283,206,77,178,28
"Yasutomi, Mark",LOS ANGELES WEST,3,304,2,2,0,1,1
"Yerkey, Marc A",LOS ANGELES WEST,4,325,2,1,1,1,0
"Anschuetz, Eric",LOUISVILLE,74,74,68,43,25,42,1
"Brock, Susan",LOUISVILLE,458,458,385,231,154,214,17
"Collins, Steven",LOUISVILLE,428,428,356,162,194,129,33
"Foster, Stacey L",LOUISVILLE,431,431,376,243,133,191,52
"Hall, Brandie",LOUISVILLE,207,208,178,126,52,116,10
"Isaacs, Davida H",LOUISVILLE,1,400,1,1,0,1,0
"McDaniel, Candace A",LOUISVILLE,404,404,330,137,193,116,21
"Morholt, Neil",LOUISVILLE,194,457,156,81,75,67,14
"Pickett, Dennis L",LOUISVILLE,484,484,417,220,197,200,20
"Zuber, William C.",LOUISVILLE,469,469,383,193,190,179,14
"Cornelius, David",MACON,352,352,321,194,127,139,55
"Fulcher, Eric S.",MACON,347,347,297,162,135,130,32
"Guard, Christine",MACON,203,203,181,113,68,99,14
"Hemming, Norman",MACON,1,264,0,0,0,0,0
"Hill, Vincent",MACON,73,257,57,24,33,20,4
"Howard, Emily Y",MACON,325,325,268,67,201,50,17
"Oetter, George",MACON,252,252,210,86,124,73,13
"Thompson, Stephen",MACON,301,301,263,138,125,104,34
"Uren Roberson, Amy",MACON,232,319,184,73,111,53,20
"Balter, Michael N",MADISON,2,465,1,1,0,1,0
"Freyberg, Gary A",MADISON,347,347,309,180,129,156,24
"Jacobson, Joseph D",MADISON,480,480,412,316,96,289,27
"Parker, Guila",MADISON,268,268,224,146,78,114,32
"Pyrtel, Ahavaha",MADISON,455,455,411,297,114,243,54
"Schaefer, Michael",MADISON,296,296,258,181,77,156,25
"Groeneveld-Meijer, Lisa",MANCHESTER,481,481,415,253,162,212,41
"LaChance, Tracy",MANCHESTER,427,427,363,254,109,205,49
"Levin, Matthew G",MANCHESTER,438,438,345,148,197,130,18
"Malfa, Matthew",MANCHESTER,4,4,3,3,0,3,0
"Malvey, Edward",MANCHESTER,396,396,328,211,117,202,9
"Martin, Paul G",MANCHESTER,224,260,187,119,68,110,9
"Menard, Joshua",MANCHESTER,463,463,385,198,187,172,26
"Bentley, J. Leland",MCALESTER,351,398,305,170,135,160,10
"Engel, David W",MCALESTER,21,304,16,10,6,7,3
"Mannes, Michael",MCALESTER,414,467,366,173,193,128,45
"Eddins-Hill, Rosalind",MEMPHIS,468,468,380,168,212,140,28
"Hodum, Robert",MEMPHIS,408,408,322,192,130,158,34
"Jones, Lyle A",MEMPHIS,288,288,219,113,106,98,15
"Lang, Jerry M",MEMPHIS,403,403,319,171,148,168,3
"Mills, Jennifer",MEMPHIS,184,184,145,104,41,94,10
"Monahan, Camille",MEMPHIS,130,324,118,55,63,49,6
"Peebles, John A",MEMPHIS,434,434,336,190,146,165,25
"Willis, David",MEMPHIS,379,379,273,156,117,134,22
"Benedict, David",METAIRIE,349,508,281,136,145,112,24
"Exnicios, Richard M",METAIRIE,336,463,266,150,116,120,30
"Hansen, Holly",METAIRIE,349,519,292,181,111,128,53
"Hertzig, Michael S",METAIRIE,155,170,118,75,43,66,9
"Juge, Christopher H",METAIRIE,310,420,250,150,100,132,18
"Sartor, Rebecca B",METAIRIE,3,302,3,2,1,1,1
"Shilling, Ralph F",METAIRIE,2,292,0,0,0,0,0
"Volz, III, Louis J",METAIRIE,1,366,1,1,0,1,0
"Wiedemann, Karen",METAIRIE,288,352,246,139,107,97,42
"Wurm, David R",METAIRIE,1,500,0,0,0,0,0
"Aranda, Clara H",MIAMI OHO,319,319,271,167,104,152,15
"Cartledge, James C",MIAMI OHO,368,369,330,306,24,301,5
"Celaya, Gracian A",MIAMI OHO,354,354,300,171,129,142,29
"De Gruy, Elizabeth",MIAMI OHO,7,163,7,4,3,4,0
"Dixon III, Andrew",MIAMI OHO,3,282,3,2,1,2,0
"Hemming, Norman",MIAMI OHO,263,264,224,150,74,137,13
"Herin, Jr., Walter C",MIAMI OHO,1,250,1,1,0,1,0
"Hill, Vincent",MIAMI OHO,4,257,4,3,1,2,1
"Jones, Brian",MIAMI OHO,5,195,5,3,2,3,0
"Leibowitz, Tracey B",MIAMI OHO,372,372,319,197,122,178,19
"Messina, Christopher",MIAMI OHO,12,93,7,5,2,4,1
"Pennock, Carol J",MIAMI OHO,276,276,224,171,53,153,18
"Reynolds, Lornette",MIAMI OHO,317,317,273,123,150,82,41
"Vallecillo, Gonzalo",MIAMI OHO,4,150,4,4,0,3,1
"Wolfe, Rebecca",MIAMI OHO,284,284,245,179,66,151,28
"Appleton, Stacy",MIDDLESBORO,277,488,240,96,144,82,14
"Dula, Melinda L",MIDDLESBORO,97,119,92,35,57,28,7
"Gray, Stacy",MIDDLESBORO,199,295,175,123,52,111,12
"Hansen, Dennis",MIDDLESBORO,6,359,5,0,5,0,0
"Mangus, Tommye C",MIDDLESBORO,422,422,367,200,167,189,11
"Oakes, Brian A.",MIDDLESBORO,134,414,116,77,39,72,5
"Spangler, Todd",MIDDLESBORO,204,215,175,82,93,70,12
"Tran, Lauren K.",MIDDLESBORO,117,410,102,51,51,37,14
"Bedwell, Brent C",MILWAUKEE,490,490,404,187,217,174,13
"O'Grady, Margaret J",MILWAUKEE,404,404,339,171,168,141,30
"Rouf, Arman",MILWAUKEE,462,462,383,182,201,128,54
"Schwalbach, Nicholas J",MILWAUKEE,544,544,453,234,219,215,19
"Shenkenberg, William",MILWAUKEE,453,453,364,203,161,190,13
"Syrjanen, Dean",MILWAUKEE,277,277,219,103,116,77,26
"Ayling, Corey",MINNEAPOLIS,471,471,399,225,174,173,52
"Crisman, Alison",MINNEAPOLIS,103,506,91,47,44,33,14
"Grey, Nicholas",MINNEAPOLIS,403,403,339,181,158,145,36
"Hart, Jeffrey W",MINNEAPOLIS,395,395,348,202,146,187,15
"Kimball, Peter",MINNEAPOLIS,464,464,391,221,170,166,55
"Klasic, Joshua",MINNEAPOLIS,474,474,423,205,218,175,30
"Lough, Sarah",MINNEAPOLIS,484,484,414,231,183,192,39
"Pharris, Micah",MINNEAPOLIS,386,386,321,157,164,146,11
"Saame, Brian",MINNEAPOLIS,32,92,23,17,6,15,2
"Sammer, Julie",MINNEAPOLIS,459,459,399,229,170,203,26
"Thrasher, Richard",MINNEAPOLIS,1,22,1,1,0,1,0
"Boucher, Kevin",MOBILE,385,385,309,178,131,165,13
"Campbell, Daniel S",MOBILE,386,386,322,214,108,202,12
"Guice, Tracy S",MOBILE,336,336,251,181,70,179,2
"McCaghren, Marni R",MOBILE,351,351,288,172,116,143,29
"Murchison, David R",MOBILE,208,208,183,117,66,112,5
"Muth II, Thomas M",MOBILE,325,325,283,226,57,220,6
"Nelson, Roger A",MOBILE,313,313,254,216,38,212,4
"Robinson, Laura L",MOBILE,363,363,313,237,76,209,28
"Sheely, Ben E",MOBILE,355,355,283,238,45,235,3
"Stalley, D B",MOBILE,307,307,264,245,19,235,10
"Waller, Robert",MOBILE,183,209,124,78,46,59,19
"Akins, George M",MONTGOMERY,353,353,306,185,121,176,9
"Barnett-Jefferson, Reni F",MONTGOMERY,402,402,343,231,112,153,78
"Intoccia, Vincent P",MONTGOMERY,407,407,352,294,58,286,8
"Langland, John B",MONTGOMERY,392,392,338,191,147,176,15
"Latham, Carol L",MONTGOMERY,335,335,282,141,141,122,19
"Naylor, Amy H",MONTGOMERY,232,237,191,155,36,148,7
"Oakes, Brian A.",MONTGOMERY,280,414,262,187,75,173,14
"South, Ricky V",MONTGOMERY,399,399,342,235,107,230,5
"Strong, Claire R",MONTGOMERY,315,315,263,237,26,224,13
"Arno, Josephine",MORENO VALLEY,401,401,351,192,159,151,41
"Chau, Amy",MORENO VALLEY,409,409,357,142,215,103,39
"Gallegos, Kimberly M",MORENO VALLEY,357,473,305,172,133,145,27
"Kirby, Marti",MORENO VALLEY,261,283,199,121,78,95,26
"Midles, Matt",MORENO VALLEY,343,409,285,167,118,133,34
"Skarda, Trevor",MORENO VALLEY,1,226,0,0,0,0,0
"Watson, Elizabeth",MORENO VALLEY,243,243,201,116,85,109,7
"Yamada, Brian",MORENO VALLEY,431,431,349,184,165,163,21
"Yasutomi, Mark",MORENO VALLEY,11,304,10,5,5,3,2
"Carpenter, Regina",MORGANTOWN,127,127,109,61,48,47,14
"Crockett, Brian",MORGANTOWN,429,429,367,233,134,203,30
"Kostol, Karen B",MORGANTOWN,108,108,88,46,42,37,9
"La Vicka, Jeffrey P",MORGANTOWN,411,411,338,184,154,172,12
"Milanes, Juan E",MORGANTOWN,214,353,174,82,92,66,16
"Preston, Susan",MORGANTOWN,143,160,110,83,27,79,4
"Ambrose, Christopher",MT PLEASANT MI,1,286,0,0,0,0,0
"Chess, Laura",MT PLEASANT MI,441,441,402,271,131,186,85
"Dale, Adam",MT PLEASANT MI,472,472,412,261,151,250,11
"Hodgson, Jessica",MT PLEASANT MI,53,463,49,21,28,17,4
"Lupisella, Mikel",MT PLEASANT MI,400,400,360,250,110,228,22
"Nguyen, Manh H",MT PLEASANT MI,103,103,89,54,35,50,4
"O'Leary, JoErin",MT PLEASANT MI,296,296,269,188,81,164,24
"Raeber, Jeffrey",MT PLEASANT MI,142,199,123,86,37,68,18
"Andrews - Turner, Renee S",NASHVILLE,450,450,375,257,118,203,54
"Crocker, Boyce",NASHVILLE,1,527,0,0,0,0,0
"Finnie, Michael E",NASHVILLE,5,279,3,2,1,2,0
"Martin, Robert",NASHVILLE,457,457,380,171,209,143,28
"Pietrangelo, Angele",NASHVILLE,430,430,365,233,132,194,39
"Silva, Mario G",NASHVILLE,3,15,3,2,1,1,1
"Taylor, William F",NASHVILLE,111,113,100,81,19,79,2
"Thomas, Jennifer B",NASHVILLE,466,466,382,221,161,189,32
"Bell, Stephan",NEW HAVEN,1,245,1,0,1,0,0
"Borre, Alexander P",NEW HAVEN,1,407,1,0,1,0,0
"Boyd, Eskunder",NEW HAVEN,507,507,428,296,132,222,74
"Harrington, I. K",NEW HAVEN,340,340,283,137,146,110,27
"Kuperstein, Matthew",NEW HAVEN,281,281,230,116,114,85,31
"Michalec Olszewski, Lau",NEW HAVEN,1,196,0,0,0,0,0
"Molleur, John T",NEW HAVEN,218,234,168,60,108,41,19
"Pantuso, Gina",NEW HAVEN,3,320,3,2,1,1,1
"Ramos, John P",NEW HAVEN,2,230,2,0,2,0,0
"Thomas, Ronald J",NEW HAVEN,246,246,195,75,120,58,17
"Anderson, Monica J",NEW ORLEANS,429,429,360,186,174,136,50
"Fraiser, Jim",NEW ORLEANS,480,489,397,168,229,95,73
"Mendola, Mark J",NEW ORLEANS,5,239,4,3,1,3,0
"Morgan, Jeffery D",NEW ORLEANS,410,410,331,133,198,87,46
"Suing, Timothy",NEW ORLEANS,11,106,11,8,3,4,4
"Volz, III, Louis J",NEW ORLEANS,365,366,279,230,49,224,6
"Wright, Charlotte A",NEW ORLEANS,3,122,2,2,0,1,1
"Fuller, Roxanne",NEW YORK,1,214,0,0,0,0,0
"Grossman, Seth I",NEW YORK,268,268,222,103,119,86,17
"Iwuamadi, Ifeoma N",NEW YORK,396,396,339,176,163,121,55
"Kearns, James",NEW YORK,109,119,70,50,20,46,4
"McCormack, Kieran",NEW YORK,146,319,130,70,60,60,10
"Michalec Olszewski, Lau",NEW YORK,70,196,60,27,33,21,6
"Morgan, Aaron M",NEW YORK,9,220,6,2,4,2,0
"Penalver, Moises",NEW YORK,97,97,85,73,12,64,9
"Pizzuto, Marissa A",NEW YORK,119,119,85,66,19,59,7
"Romeo, Lori",NEW YORK,41,41,37,16,21,10,6
"Sedaca, Joani",NEW YORK,379,379,310,249,61,199,50
"Solomon, Mark",NEW YORK,227,227,205,70,135,50,20
"Suarez, Flor M",NEW YORK,300,300,241,148,93,123,25
"Vecchio, Lucian A",NEW YORK,143,143,117,98,19,95,3
"Gray, Thomas C",NEW YORK VARICK,424,424,369,297,72,264,33
"Kearns, James",NEW YORK VARICK,10,119,4,4,0,4,0
"Miller, Jason A",NEW YORK VARICK,430,430,348,260,88,237,23
"Morgan, Aaron M",NEW YORK VARICK,209,220,175,85,90,81,4
"Ramrup, Sommattie",NEW YORK VARICK,1,1,1,1,0,1,0
"White Richards, Latanya",NEW YORK VARICK,372,372,320,216,104,177,39
"Allard, Sharon",NEWARK,292,292,240,130,110,98,32
"Ayers, Kenneth",NEWARK,377,377,324,133,191,117,16
"Campbell, John",NEWARK,419,419,352,237,115,178,59
"Costa, Leonard F",NEWARK,353,353,286,172,114,158,14
"Damille, Ricardy",NEWARK,391,391,331,200,131,160,40
"Lee, Peter R",NEWARK,321,321,242,58,184,44,14
"Merrill, Theresa",NEWARK,290,290,239,178,61,167,11
"Pantuso, Gina",NEWARK,5,320,3,1,2,1,0
"Shelton, Karen",NEWARK,408,408,348,208,140,154,54
"Shillin, Beth",NEWARK,196,196,160,85,75,72,13
"West, Richard",NEWARK,402,402,345,228,117,196,32
"Carr, Michael",NHC ALBUQUERQUE,6,100,1,0,1,0,0
"Frost-Wolf, Joyce",NHC ALBUQUERQUE,313,425,264,109,155,76,33
"O'Melinn, Barry",NHC ALBUQUERQUE,307,307,263,133,130,121,12
"Pierce, Katie H",NHC ALBUQUERQUE,69,74,57,31,26,23,8
"Rauenzahn, MaryKay",NHC ALBUQUERQUE,272,411,240,158,82,136,22
"Rolph, John W",NHC ALBUQUERQUE,138,190,124,65,59,51,14
"Van Vleck, Deborah J",NHC ALBUQUERQUE,283,387,236,96,140,69,27
"Barker, Paul D",NHC BALTIMORE,333,333,284,129,155,113,16
"Benton, A.",NHC BALTIMORE,23,124,18,11,7,8,3
"Bozarth, Shawn",NHC BALTIMORE,397,397,318,181,137,166,15
"Chin, Stanley K",NHC BALTIMORE,110,110,97,59,38,50,9
"Dillon, Christopher L",NHC BALTIMORE,40,40,34,18,16,13,5
"Freedman, Robert",NHC BALTIMORE,122,378,111,51,60,47,4
"Grunberg, Hope G",NHC BALTIMORE,41,41,33,16,17,15,1
"Hammock, Melissa",NHC BALTIMORE,391,391,326,161,165,134,27
"Levey, Lawrence",NHC BALTIMORE,63,63,50,37,13,35,2
"Loughlin, John",NHC BALTIMORE,358,358,305,122,183,104,18
"Mastin, Jeffrey",NHC BALTIMORE,45,62,38,31,7,27,4
"Ortis, Jesus",NHC BALTIMORE,4,5,3,2,1,1,1
"Pang, David S",NHC BALTIMORE,24,24,19,12,7,10,2
"Penn, Laureen",NHC BALTIMORE,173,173,161,71,90,51,20
"Woode, Charles",NHC BALTIMORE,237,237,180,59,121,37,22
"Bridges, Kathryn",NHC CHICAGO,158,293,124,61,63,43,18
"Fuller, Roxanne",NHC CHICAGO,202,214,174,98,76,91,7
"Kramzyk, Henry",NHC CHICAGO,165,369,143,35,108,26,9
"Lucas, Brian",NHC CHICAGO,232,372,192,120,72,106,14
"Martin, Denise M",NHC CHICAGO,17,17,17,13,4,8,5
"Martin, John",NHC CHICAGO,307,307,268,170,98,155,15
"Poulose, Mary Ann",NHC CHICAGO,267,267,215,112,103,103,9
"Sanzi, Thomas J",NHC CHICAGO,208,208,169,25,144,19,6
"Sharrard, Anne",NHC CHICAGO,195,281,159,77,82,66,11
"Sokolski, Deanna L",NHC CHICAGO,67,109,62,38,24,27,11
"Thrasher, Richard",NHC CHICAGO,21,22,14,13,1,13,0
"Valkavich, Helen",NHC CHICAGO,311,405,252,152,100,113,39
"Battles, Brian",NHC FALLS CHURCH,153,289,135,39,96,33,6
"Carr, Michael",NHC FALLS CHURCH,94,100,81,28,53,18,10
"Chaykin, Benjamin",NHC FALLS CHURCH,197,298,164,95,69,72,23
"Dummer, Rosanne M",NHC FALLS CHURCH,80,80,73,60,13,53,7
"Ebner, Elizabeth",NHC FALLS CHURCH,61,62,56,38,18,32,6
"Fuller, Roxanne",NHC FALLS CHURCH,7,214,7,3,4,3,0
"Garrian, Tanya J",NHC FALLS CHURCH,4,5,4,3,1,3,0
"Hannan, B.",NHC FALLS CHURCH,224,347,186,109,77,87,22
"Kim, T.",NHC FALLS CHURCH,350,502,300,115,185,92,23
"Manico, William M",NHC FALLS CHURCH,157,261,137,121,16,90,31
"Moldafsky, Gregory",NHC FALLS CHURCH,241,241,197,71,126,49,22
"Smith, Susan",NHC FALLS CHURCH,113,113,104,60,44,50,10
"Benton, A.",NHC ST LOUIS,101,124,89,44,45,30,14
"Doyle, Joseph R",NHC ST LOUIS,323,323,268,99,169,90,9
"Harvin-Woode, Mattie",NHC ST LOUIS,75,75,67,35,32,33,2
"Mengesha-Brown, Trina",NHC ST LOUIS,293,295,258,127,131,104,23
"Preston, Kathryn",NHC ST LOUIS,267,267,222,97,125,66,31
"Steger, Brian M",NHC ST LOUIS,398,398,343,151,192,120,31
"White, Gregory",NHC ST LOUIS,82,82,65,44,21,34,10
"Bright, Maryann S",NORFOLK,415,415,346,147,199,99,48
"Flynn, Monica L",NORFOLK,193,193,151,75,76,69,6
"Gendreau, Chad",NORFOLK,465,465,374,188,186,159,29
"Jordan, Jeffrey M",NORFOLK,385,385,310,162,148,117,45
"Matula, Carol",NORFOLK,425,425,332,170,162,118,52
"Pflugrath, William",NORFOLK,365,365,275,165,110,143,22
"Carberry, James",NORWALK,456,456,369,231,138,206,25
"Coulter, Paul",NORWALK,322,322,267,151,116,128,23
"Duann, Tom",NORWALK,335,344,294,217,77,202,15
"Minter, Cynthia A",NORWALK,2,2,2,1,1,0,1
"Nguyen, James P",NORWALK,370,370,314,223,91,214,9
"Bruning, Janice M",OAK BROOK,279,279,239,136,103,111,25
"Fina, Joel G",OAK BROOK,137,137,126,83,43,60,23
"Studzinski, Edward P",OAK BROOK,534,534,436,170,266,133,37
"Travis, Claudia",OAK BROOK,368,368,310,244,66,201,43
"Alaga-Gadigian, Janet L",OAK PARK,384,384,338,256,82,211,45
"Blackmore, Alice F",OAK PARK,166,277,136,80,56,72,8
"Christensen, Timothy J",OAK PARK,186,186,168,122,46,107,15
"Contorer, Beth J",OAK PARK,399,399,341,276,65,255,21
"Deming, Kari",OAK PARK,84,84,78,59,19,54,5
"Gruenburg, Dawn M",OAK PARK,502,502,443,374,69,327,47
"Herring, Virginia",OAK PARK,353,353,316,179,137,134,45
"LaRoche Jr., Roy E",OAK PARK,399,399,327,131,196,97,34
"McKay, Patricia S",OAK PARK,337,337,286,112,174,89,23
"Paige, Melody",OAK PARK,460,460,402,318,84,261,57
"Alis, E.",OAKLAND,367,367,298,180,118,138,42
"Gill, Kevin",OAKLAND,210,210,167,108,59,81,27
"Hernandez, Evangelina P",OAKLAND,274,274,228,169,59,132,37
"LaBarre, David",OAKLAND,432,432,358,198,160,134,64
"Lunderman, MaryAnn",OAKLAND,1,99,0,0,0,0,0
"Lunsford, Lisa",OAKLAND,360,360,309,212,97,167,45
"Underwood, Debra M",OAKLAND,343,343,309,213,96,185,28
"Bentley, J. Leland",OKLAHOMA CITY,3,398,2,2,0,1,1
"Bowen, Carol K",OKLAHOMA CITY,2,222,2,2,0,2,0
"Cravens, Steven L",OKLAHOMA CITY,317,317,262,196,66,186,10
"Engel, David W",OKLAHOMA CITY,4,304,3,3,0,3,0
"Fulton, Kenton W",OKLAHOMA CITY,174,174,150,108,42,94,14
"Hamilton, Angelita",OKLAHOMA CITY,417,417,347,237,110,225,12
"Harris, Michael",OKLAHOMA CITY,424,424,352,304,48,281,23
"Hertzig, Michael S",OKLAHOMA CITY,3,170,2,0,2,0,0
"Levine, Jodi B.",OKLAHOMA CITY,341,341,287,246,41,232,14
"McLean, Jennie L.",OKLAHOMA CITY,19,19,15,10,5,9,1
"Merchan, Sylke",OKLAHOMA CITY,305,305,240,191,49,177,14
"Parrish, Kim D.",OKLAHOMA CITY,464,464,396,276,120,263,13
"Schallner, Sherry L.",OKLAHOMA CITY,372,372,314,208,106,195,13
"Shepherd, Larry D.",OKLAHOMA CITY,419,419,346,195,151,183,12
"Stults, Douglas S.",OKLAHOMA CITY,473,484,367,292,75,285,7
"Thompson, Edward L.",OKLAHOMA CITY,116,116,97,43,54,41,2
"Wurm, David R",OKLAHOMA CITY,4,500,4,4,0,3,1
"Bring, Matthew",OMAHA,84,84,71,37,34,27,10
"Buell, David G",OMAHA,428,429,360,215,145,187,28
"Dawson, Matthew C",OMAHA,450,450,372,173,199,161,12
"DeLaittre, David J",OMAHA,462,462,394,290,104,263,27
"Dutton, Jan E",OMAHA,472,472,389,171,218,151,20
"Yokus, Chris",OMAHA,460,460,373,105,268,78,27
"Kays, John",ORANGE,75,436,65,49,16,46,3
"Lenzini, Robert",ORANGE,384,384,324,262,62,225,37
"Lisiecki III, Joseph P",ORANGE,253,253,206,133,73,122,11
"Radensky, Michael D",ORANGE,454,454,362,164,198,144,20
"Zimmerman, Stacy",ORANGE,438,438,367,218,149,162,56
"Akers, Janet",ORLAND PARK,303,303,263,82,181,56,26
"Bruce, David R",ORLAND PARK,465,465,401,237,164,211,26
"Giesen, Deborah M",ORLAND PARK,96,96,80,9,71,8,1
"Hellman, Michael",ORLAND PARK,372,372,311,103,208,83,20
"Kadlec, Kathleen",ORLAND PARK,345,346,263,23,240,8,15
"Pendola, Michael",ORLAND PARK,272,272,223,189,34,169,20
"Sayon, Karen",ORLAND PARK,467,467,418,185,233,169,16
"Smith, Gregory",ORLAND PARK,535,535,453,261,192,212,49
"Supergan, Patricia W",ORLAND PARK,199,199,171,103,68,94,9
"Detherage, Kevin J",ORLANDO,338,338,278,181,97,127,54
"Houston, Pamela",ORLANDO,425,425,341,227,114,195,32
"Kirk, Emily",ORLANDO,408,408,360,227,133,177,50
"Mahon, Janet",ORLANDO,388,388,349,212,137,170,42
"Mandry, Maria T",ORLANDO,333,333,286,189,97,167,22
"Messina, Christopher",ORLANDO,16,93,9,5,4,5,0
"Ocampo, Julio",ORLANDO,171,171,141,104,37,88,16
"Rodriguez-Quilichini, E",ORLANDO,452,452,376,204,172,177,27
"Silva, Mario G",ORLANDO,3,15,2,1,1,1,0
"Statum, Emily R",ORLANDO,362,362,301,126,175,119,7
"Tejada-Rivera, Pedro",ORLANDO,187,187,156,125,31,121,4
"Walker, Douglas A",ORLANDO,327,327,283,187,96,122,65
"De Gruy, Elizabeth",PADUCAH,4,163,4,3,1,3,0
"Dixon III, Andrew",PADUCAH,5,282,5,5,0,4,1
"Eaton, Marci P",PADUCAH,182,182,153,100,53,95,5
"Evans, III, George L",PADUCAH,39,67,35,19,16,19,0
"Ferguson, Jeffrey A",PADUCAH,5,238,5,4,1,3,1
"Firestone, Scott C",PADUCAH,4,157,4,2,2,2,0
"Hall, Lisa R",PADUCAH,172,172,149,67,82,60,7
"Hansen, Dennis",PADUCAH,26,359,25,7,18,5,2
"Messina, Christopher",PADUCAH,3,93,3,3,0,3,0
"Naylor, Amy H",PADUCAH,5,237,5,4,1,4,0
"Peeples, David",PADUCAH,395,395,329,182,147,165,17
"Pustizzi, Jennifer",PADUCAH,5,219,5,3,2,3,0
"Satisfield, Renee B",PADUCAH,3,67,3,3,0,3,0
"Selland, R. Dirk",PADUCAH,5,184,5,4,1,4,0
"Silva, Mario G",PADUCAH,6,15,6,2,4,1,1
"Spangler, Todd",PADUCAH,6,215,5,3,2,2,1
"Thawley, John A",PADUCAH,5,335,4,3,1,3,0
"Turner, Marty S",PADUCAH,348,451,312,173,139,149,24
"Waller, Robert",PADUCAH,6,209,6,6,0,6,0
"Chau, Ken H",PASADENA,162,162,130,98,32,89,9
"Cooper, Bruce T",PASADENA,397,397,333,226,107,182,44
"Dunn, Barbara",PASADENA,416,416,346,268,78,233,35
"Lacy, David",PASADENA,532,532,458,240,218,220,20
"Magana, Ghermann",PASADENA,478,478,409,279,130,213,66
"Luker, Daniel",PEORIA,488,488,429,235,194,165,70
"Schwartz, Robert H",PEORIA,479,479,415,239,176,171,68
"Strickler, Nathaniel E",PEORIA,471,471,404,271,133,225,46
"Wilson, Shreese M",PEORIA,151,160,124,64,60,52,12
"Wood, John M",PEORIA,417,417,337,155,182,139,16
"Borda, Eric W",PHILADELPHIA,407,407,332,229,103,217,12
"Goods, Raina",PHILADELPHIA,155,324,131,81,50,72,9
"Healy, Philip J",PHILADELPHIA,204,411,163,98,65,89,9
"Johnson, Jessica M",PHILADELPHIA,384,384,303,133,170,92,41
"McCafferty, Christine",PHILADELPHIA,197,197,162,89,73,79,10
"Ryan, Robert J",PHILADELPHIA,575,575,444,208,236,163,45
"Warren, Regina L",PHILADELPHIA,207,207,166,105,61,90,15
"Brown, Nathan",PHILADELPHIA EAST,4,142,4,0,4,0,0
"Carter, Brady",PHILADELPHIA EAST,25,451,22,12,10,10,2
"Lazzaro, Michele",PHILADELPHIA EAST,576,576,460,244,216,201,43
"Preston, Susan",PHILADELPHIA EAST,17,160,6,4,2,4,0
"Watson, Nycole",PHILADELPHIA EAST,374,374,284,144,140,85,59
"Wishnoff, Howard",PHILADELPHIA EAST,359,359,264,191,73,171,20
"Alegre, Dante M",PHOENIX DOWNTOWN,498,498,369,129,240,101,28
"Duann, Tom",PHOENIX DOWNTOWN,1,344,0,0,0,0,0
"Elias, Yasmin",PHOENIX DOWNTOWN,6,143,5,4,1,3,1
"Fletcher, Guy E",PHOENIX DOWNTOWN,400,400,324,242,82,197,45
"Gaffney, John",PHOENIX DOWNTOWN,488,488,390,286,104,266,20
"Isherwood, Paul",PHOENIX DOWNTOWN,231,369,194,54,140,44,10
"Kirby, Marti",PHOENIX DOWNTOWN,1,283,1,1,0,1,0
"Mucerino, Kathleen",PHOENIX DOWNTOWN,160,160,132,117,15,107,10
"Paternoster, Sasha",PHOENIX DOWNTOWN,175,186,153,75,78,65,10
"Waters, Carla L",PHOENIX DOWNTOWN,416,416,339,165,174,81,84
"Armbruster, Ted W",PHOENIX NORTH,396,396,318,237,81,222,15
"Bucci, Patricia A",PHOENIX NORTH,86,86,71,25,46,21,4
"Businger, Thomas D",PHOENIX NORTH,348,348,272,140,132,119,21
"Schum, Randolph E",PHOENIX NORTH,46,46,40,11,29,6,5
"Walls, Kelly",PHOENIX NORTH,367,367,292,129,163,87,42
"Bareford, Christian",PITTSBURGH,441,441,365,172,193,141,31
"Ehasz, Sarah",PITTSBURGH,481,481,404,234,169,191,43
"Hostovich, Julianne",PITTSBURGH,153,252,118,66,52,55,11
"Kaczmarek, Michael S",PITTSBURGH,469,469,375,157,218,132,25
"Kovac, Paul",PITTSBURGH,454,454,357,195,162,172,23
"Papazekos, Joanna",PITTSBURGH,401,401,325,206,119,178,28
"Perry- Dowdell, Leslie",PITTSBURGH,414,414,339,75,264,46,29
"Pico, Gerardo R",PONCE,1,248,1,1,0,0,1
"Quinones-Regalado, Yeli",PONCE,181,505,156,141,15,129,12
"Torres, Judith",PONCE,133,399,127,99,28,87,12
"Viera-Vargas, Angel X",PONCE,49,198,45,38,7,38,0
"Cutter, Christine",PORTLAND ME,440,440,384,236,148,195,41
"Flynn, Robert W",PORTLAND ME,385,385,329,265,64,245,20
"Holbrook, Todd S",PORTLAND ME,466,466,380,194,186,169,25
"Hubert, Mary P",PORTLAND ME,195,380,171,96,75,81,15
"Martin, Paul G",PORTLAND ME,36,260,29,13,16,11,2
"Campbell, Robert F",PORTLAND OR,105,105,93,69,24,58,11
"Geib, Richard",PORTLAND OR,457,457,380,221,159,187,34
"Johnson, Derek",PORTLAND OR,343,352,302,218,84,208,10
"Martin, Paula M",PORTLAND OR,533,533,473,357,116,328,29
"Mozyrsky, Vadim",PORTLAND OR,267,267,211,94,117,78,16
"Pines, S.",PORTLAND OR,390,390,311,237,74,223,14
"Thomasson, Linda",PORTLAND OR,435,435,364,249,115,219,30
"Bernasconi, Laura",PROVIDENCE,251,251,194,129,65,116,13
"Dana, Kate",PROVIDENCE,431,431,379,228,151,187,41
"Garrian, Tanya J",PROVIDENCE,1,5,1,0,1,0,0
"Goodale, Paul W",PROVIDENCE,376,376,305,166,139,131,35
"Mastrangelo, Jason",PROVIDENCE,402,402,347,169,178,151,18
"Szymczak, Stephen M",PROVIDENCE,492,492,414,221,193,197,24
"Vanda, Ryan",PROVIDENCE,500,500,419,258,161,228,30
"Donaghy, Margaret A",QUEENS,81,81,73,56,17,48,8
"Leventer, Jan",QUEENS,389,389,334,308,26,296,12
"McKenna, Sandra M",QUEENS,419,419,350,247,103,219,28
"Pecoraro, Margaret L",QUEENS,418,418,366,287,79,269,18
"Schriver, Robert R",QUEENS,219,219,190,147,43,128,19
"Stacchini, Michael J",QUEENS,148,383,118,67,51,65,2
"Stefanelli, Valorie",QUEENS,89,186,68,54,14,47,7
"Andersen, William",RALEIGH,140,140,116,93,23,87,6
"Bowling, Robert B",RALEIGH,1,199,1,0,1,0,0
"Brinkley, Joseph L",RALEIGH,459,459,387,231,156,201,30
"Davis, Kelly",RALEIGH,88,88,83,57,26,53,4
"Harper, Catherine",RALEIGH,342,342,272,139,133,121,18
"Hogan, Mason",RALEIGH,322,322,278,169,109,150,19
"Hoskins-Hart, Teresa L",RALEIGH,390,390,319,197,122,154,43
"Messina, Christopher",RALEIGH,2,93,2,0,2,0,0
"Monahan, Camille",RALEIGH,1,324,1,0,1,0,0
"Ofori-Acquaah, Anne-Mar A",RALEIGH,395,395,337,137,200,116,21
"Rideout, Robert",RALEIGH,193,193,164,119,45,115,4
"Shea, David J",RALEIGH,411,411,366,272,94,256,16
"Silva, Mario G",RALEIGH,2,15,2,0,2,0,0
"Spangler, Todd",RALEIGH,1,215,1,0,1,0,0
"Williams, James E",RALEIGH,370,370,309,159,150,139,20
"Wisz, Katherine D",RALEIGH,399,399,350,216,134,199,17
"Wordsworth, Paula",RALEIGH,358,358,311,227,84,196,31
"Wright, Wanda L",RALEIGH,233,233,206,151,55,123,28
"Baum, Peter J",RENO,85,416,52,42,10,39,3
"O'Brien-Persons, Wynne",RENO,268,268,184,100,84,68,32
"Baker, Mark",RICHMOND,469,469,361,190,171,145,45
"Eklund, Eric",RICHMOND,487,487,380,212,168,116,96
"Foster, Nicolas R",RICHMOND,519,519,422,227,195,175,52
"Johnson, Jr., Anthony J",RICHMOND,411,411,353,190,163,135,55
"Knight, Suzette",RICHMOND,507,507,386,71,315,40,31
"Schueler, Jeffrey J",RICHMOND,2,175,2,1,1,1,0
"Kerber, Carrie",RIO GRANDE VALLEY TX,21,481,20,5,15,4,1
"Patel, Hiral D",RIO GRANDE VALLEY TX,512,512,459,292,167,272,20
"Reeves, William P",RIO GRANDE VALLEY TX,277,421,240,127,113,109,18
"Wyatt, Kimberly O",RIO GRANDE VALLEY TX,129,355,108,62,46,56,6
"Erwin, Thomas W",ROANOKE,397,397,340,214,126,192,22
"Gabello, James",ROANOKE,454,454,361,167,194,109,58
"Schueler, Jeffrey J",ROANOKE,173,175,136,81,55,61,20
"Scruton, Joseph T",ROANOKE,386,386,315,217,98,178,39
"Costello, John P",ROCHESTER,83,83,81,59,22,52,7
"Devlin, Michael W",ROCHESTER,463,463,412,323,89,298,25
"Kane, Brian",ROCHESTER,349,349,310,209,101,187,22
"Blume, David M",SACRAMENTO,492,492,417,293,124,265,28
"Gillis, Sara A",SACRAMENTO,475,475,413,223,190,174,49
"Grooms, Odell",SACRAMENTO,1,1,1,0,1,0,0
"Knowdell, Christopher C",SACRAMENTO,440,440,349,200,149,171,29
"Martin, Lisa B",SACRAMENTO,409,409,340,216,124,182,34
"Skarda, Trevor",SACRAMENTO,1,226,0,0,0,0,0
"Villere Jr., Plauche F",SACRAMENTO,498,498,431,345,86,310,35
"Bruce, Gerald R",SALT LAKE CITY,527,527,443,126,317,99,27
"Mitchell, Preston L",SALT LAKE CITY,557,557,451,247,204,204,43
"Thompson, David W",SALT LAKE CITY,510,510,436,184,252,159,25
"Van Vleck, Deborah J",SALT LAKE CITY,104,387,90,51,39,43,8
"Warner, M. Thayne",SALT LAKE CITY,559,559,487,411,76,368,43
"Wolfe, J. Doug",SALT LAKE CITY,120,120,101,73,28,62,11
"Allen, Matthew",SAN ANTONIO,451,451,385,206,179,148,58
"Barnett, Ben",SAN ANTONIO,389,389,297,147,150,102,45
"Brower, Charles L",SAN ANTONIO,447,447,361,155,206,137,18
"Brown, Katherine W",SAN ANTONIO,403,410,327,154,173,117,37
"Fraiser, Jim",SAN ANTONIO,3,489,3,1,2,0,1
"Gazda, Peter F",SAN ANTONIO,449,449,340,285,55,247,38
"Holmes, Janice L",SAN ANTONIO,391,394,327,135,192,109,26
"Jones, Marc",SAN ANTONIO,33,33,24,14,10,10,4
"Kirkpatrick, Melinda W",SAN ANTONIO,405,405,332,174,158,141,33
"Kramer, Ilene B",SAN ANTONIO,240,240,206,134,72,123,11
"McKay, Bernard J",SAN ANTONIO,416,416,334,174,160,134,40
"McPhail, Robert M",SAN ANTONIO,364,364,309,199,110,174,25
"Mendola, Mark J",SAN ANTONIO,2,239,2,1,1,1,0
"Momcilovic, Gordan",SAN ANTONIO,420,420,354,71,283,55,16
"Murdock, Alexis",SAN ANTONIO,387,387,301,238,63,222,16
"Perez, Lissette C",SAN ANTONIO,338,341,277,159,118,137,22
"Reeves, William P",SAN ANTONIO,2,421,2,1,1,1,0
"Skarda, Trevor",SAN ANTONIO,1,226,1,1,0,0,1
"Swayze, Mark M",SAN ANTONIO,356,356,293,72,221,54,18
"Wilkerson, Dwight D",SAN ANTONIO,332,332,283,186,97,168,18
"Wilkov, Penny",SAN ANTONIO,386,386,317,152,165,111,41
"Wurm, David R",SAN ANTONIO,474,500,389,199,190,141,58
"Benjamin, Daniel",SAN BERNARDINO,55,55,51,36,15,32,4
"Paternoster, Sasha",SAN BERNARDINO,9,186,3,2,1,1,1
"Silva, Troy",SAN BERNARDINO,387,387,307,198,109,183,15
"Stevens Bentley, Elizab",SAN BERNARDINO,379,379,330,216,114,159,57
"Tracy, Joel",SAN BERNARDINO,427,427,366,207,159,158,49
"Yasutomi, Mark",SAN BERNARDINO,248,304,217,138,79,74,64
"Benham, Eric V",SAN DIEGO,102,102,94,57,37,48,9
"Delphey, James",SAN DIEGO,193,193,166,104,62,87,17
"Elias, Yasmin",SAN DIEGO,22,143,22,9,13,8,1
"Iafe, Robert",SAN DIEGO,403,403,331,167,164,132,35
"Kirby, Marti",SAN DIEGO,1,283,0,0,0,0,0
"Messer, Kevin W",SAN DIEGO,338,338,289,163,126,132,31
"Richardson, Michael B",SAN DIEGO,369,369,260,192,68,177,15
"Suing, Timothy",SAN DIEGO,1,106,1,1,0,0,1
"Treblin, Howard K",SAN DIEGO,242,242,205,146,59,144,2
"Verne, Andrew",SAN DIEGO,404,404,336,135,201,121,14
"Cabotaje, Michael A",SAN FRANCISCO,1,191,1,1,0,1,0
"Duann, Tom",SAN FRANCISCO,1,344,1,1,0,1,0
"Horne, Jennifer M",SAN FRANCISCO,1,1,0,0,0,0,0
"Loo, Katherine",SAN FRANCISCO,115,116,102,65,37,57,8
"Midles, Matt",SAN FRANCISCO,66,409,43,19,24,18,1
"Parnow, Mary P",SAN FRANCISCO,379,379,307,155,152,139,16
"Pellegrino, Gloria",SAN FRANCISCO,349,349,287,172,115,146,26
"Surh, Matilda",SAN FRANCISCO,218,218,187,87,100,71,16
"Thompson, Michelle",SAN FRANCISCO,4,254,4,2,2,2,0
"Yurich, Melinda",SAN FRANCISCO,423,423,354,82,272,70,12
"Kelsey, Roxanne J",SAN JOSE,207,207,170,89,81,75,14
"McLaughlin, Corinne T",SAN JOSE,329,329,258,143,115,117,26
"Wolking, Tova",SAN JOSE,253,253,204,125,79,96,29
"Yee, Davis",SAN JOSE,271,271,223,138,85,123,15
"Diaz, Ruy V",SAN JUAN,287,287,255,194,61,171,23
"Gautier, Rosael",SAN JUAN,273,273,234,113,121,90,23
"Haaversen, Hortensia",SAN JUAN,330,389,308,237,71,208,29
"Milanes, Juan E",SAN JUAN,139,353,120,65,55,60,5
"Morales, Livia",SAN JUAN,380,446,353,173,180,131,42
"Perez, Lissette C",SAN JUAN,3,341,2,1,1,1,0
"Pico, Gerardo R",SAN JUAN,129,248,119,86,33,71,15
"Planas, Luciannette",SAN JUAN,334,334,288,193,95,146,47
"Quant, Maria E",SAN JUAN,297,297,264,185,79,138,47
"Quinones-Regalado, Yeli",SAN JUAN,324,505,306,260,46,231,29
"Sepulveda Anavitarte, J",SAN JUAN,258,258,230,168,62,154,14
"Torres, Judith",SAN JUAN,266,399,251,185,66,165,20
"Viera-Vargas, Angel X",SAN JUAN,149,198,124,106,18,102,4
"Wyatt, Kimberly O",SAN JUAN,215,355,203,124,79,107,17
"Cabotaje, Michael A",SAN RAFAEL,114,191,91,63,28,53,10
"Hong, Serena S",SAN RAFAEL,427,427,361,242,119,189,53
"Kwon, K.",SAN RAFAEL,387,387,332,177,155,136,41
"Thompson, Michelle",SAN RAFAEL,1,254,1,1,0,1,0
"Duann, Tom",SANTA BARBARA,3,344,2,1,1,0,1
"Koltys, Henry",SANTA BARBARA,309,309,253,156,97,138,18
"Masterson, Aubri",SANTA BARBARA,283,283,222,196,26,187,9
"Pierce, Katie H",SANTA BARBARA,1,74,1,1,0,1,0
"Rolph, John W",SANTA BARBARA,52,190,43,32,11,30,2
"Thompson, Michelle",SANTA BARBARA,21,254,20,20,0,17,3
"Winkelman, Roger E",SANTA BARBARA,107,107,91,61,30,58,3
"Dennard, Michael",SAVANNAH,428,428,360,207,153,193,14
"Evans, Vickie",SAVANNAH,432,432,362,235,127,215,20
"Ferguson, Jeffrey A",SAVANNAH,233,238,187,86,101,61,25
"Petersen, Craig R",SAVANNAH,384,384,342,141,201,107,34
"Taylor, Linda D",SAVANNAH,357,357,296,140,156,126,14
"Erickson, Allen G",SEATTLE,180,373,126,45,81,27,18
"Frost-Wolf, Joyce",SEATTLE,112,425,95,54,41,37,17
"Johnson, David",SEATTLE,5,457,3,2,1,1,1
"LaCara, Cecilia",SEATTLE,380,380,289,81,208,51,30
"Leise, Sue",SEATTLE,105,105,87,65,22,60,5
"Mangrum, Timothy",SEATTLE,387,387,332,261,71,244,17
"Mariano-Jackson, Evange",SEATTLE,462,462,375,270,105,242,28
"Prinsloo, C. H",SEATTLE,344,344,268,168,100,145,23
"Ross, Malcolm",SEATTLE,456,456,382,204,178,174,30
"Valente, Laura",SEATTLE,191,191,161,82,79,72,10
"Bezego, William J",SEVEN FIELDS,236,236,211,136,75,120,16
"Cohen, Douglas",SEVEN FIELDS,401,401,355,244,111,152,92
"Grovich, Christopher P",SEVEN FIELDS,490,490,441,340,101,298,42
"Kleeb, Kelli J",SEVEN FIELDS,555,555,504,313,191,261,52
"Kooser, John",SEVEN FIELDS,526,526,475,356,119,330,26
"Tenenbaum, Melissa",SEVEN FIELDS,318,318,259,190,69,160,30
"Wood, Brian W",SEVEN FIELDS,447,447,392,288,104,233,55
"Abbondondelo, Mary",SHREVEPORT,400,400,329,269,60,254,15
"Antonowicz, John",SHREVEPORT,424,424,350,191,159,149,42
"Dail, Grant",SHREVEPORT,249,445,210,131,79,115,16
"Thomason, Samuel",SHREVEPORT,480,480,402,251,151,203,48
"Wright, Charlotte A",SHREVEPORT,119,122,94,54,40,35,19
"Cerulli, Nicholas",SOUTH JERSEY,227,227,199,115,84,92,23
"Cornell, Kathleen",SOUTH JERSEY,505,505,425,328,97,300,28
"Ebner, Elizabeth",SOUTH JERSEY,1,62,0,0,0,0,0
"Green, Tonya",SOUTH JERSEY,435,435,375,199,176,147,52
"Hibner Olson, Lisa",SOUTH JERSEY,408,408,350,250,100,217,33
"Lardaro, Elizabeth A",SOUTH JERSEY,359,359,293,176,117,158,18
"Lucas, Brian",SOUTH JERSEY,140,372,126,80,46,73,7
"Patterson, Karen",SOUTH JERSEY,492,492,423,329,94,285,44
"Timm, Frederick",SOUTH JERSEY,522,522,438,309,129,278,31
"Varillo, Kimberly",SOUTH JERSEY,444,444,372,303,69,279,24
"Alden, Randolph W",SPECIAL REVIEW CADRE,380,380,220,143,77,110,33
"Cabotaje, Michael A",SPECIAL REVIEW CADRE,1,191,1,1,0,1,0
"Day, Kelley",SPECIAL REVIEW CADRE,365,365,234,135,99,84,51
"DiMaggio Wallis, Sandra R",SPECIAL REVIEW CADRE,363,363,206,130,76,96,34
"Eiler, Kathleen H",SPECIAL REVIEW CADRE,362,362,207,107,100,66,41
"Fuller, Roxanne",SPECIAL REVIEW CADRE,1,214,0,0,0,0,0
"Hockensmith, Mark",SPECIAL REVIEW CADRE,387,389,255,188,67,148,40
"Labrum, Robert J",SPECIAL REVIEW CADRE,413,413,246,157,89,111,46
"Lunderman, MaryAnn",SPECIAL REVIEW CADRE,98,99,77,38,39,29,9
"Nagle, Kim Soo",SPECIAL REVIEW CADRE,313,313,141,81,60,48,33
"Ohanesian, Nicholas M",SPECIAL REVIEW CADRE,1,266,1,1,0,1,0
"Smiley, Jennifer",SPECIAL REVIEW CADRE,425,425,292,219,73,144,75
"Walter, Nicholas",SPECIAL REVIEW CADRE,360,365,222,158,64,120,38
"Warner, Melissa",SPECIAL REVIEW CADRE,367,367,245,176,69,120,56
"Weathers, Ena",SPECIAL REVIEW CADRE,335,335,200,150,50,105,45
"Wexler, April M",SPECIAL REVIEW CADRE,96,96,49,25,24,24,1
"Freund, Lori L",SPOKANE,178,178,134,106,28,104,2
"Henry, Brian J",SPOKANE,5,350,5,5,0,5,0
"Palachuk, Marie",SPOKANE,208,208,169,85,84,72,13
"Shumway, Jesse K",SPOKANE,410,410,300,163,137,149,14
"Siderius, Caroline",SPOKANE,94,94,71,55,16,53,2
"Stallings, Stewart",SPOKANE,433,433,360,267,93,245,22
"Walker, Donna L",SPOKANE,416,416,336,310,26,301,9
"Bauer, Edward T",SPRINGFIELD MA,362,362,290,187,103,171,16
"Danialzadeh, Payam",SPRINGFIELD MA,347,347,290,163,127,137,26
"Griswold, Kim K",SPRINGFIELD MA,303,303,255,135,120,112,23
"Leland, William",SPRINGFIELD MA,1,526,0,0,0,0,0
"Masengill, Addison C",SPRINGFIELD MA,95,95,80,44,36,37,7
"Molleur, John T",SPRINGFIELD MA,8,234,5,1,4,1,0
"Pinkus, Joshua",SPRINGFIELD MA,166,238,129,86,43,75,11
"Buell, David G",SPRINGFIELD MO,1,429,0,0,0,0,0
"Clayton, Mark A",SPRINGFIELD MO,427,427,371,136,235,119,17
"Draper, Jo Ann L",SPRINGFIELD MO,15,15,14,6,8,5,1
"Franklin, Perry L",SPRINGFIELD MO,460,460,399,214,185,187,27
"Hellums, Walter R",SPRINGFIELD MO,491,491,422,130,292,104,26
"Leary, Mary J",SPRINGFIELD MO,69,138,53,24,29,18,6
"Allen, Chandreka",ST LOUIS,314,314,263,135,128,105,30
"Davis, Alaina",ST LOUIS,400,400,353,251,102,233,18
"DeWoskin, Henry",ST LOUIS,366,366,308,171,137,143,28
"Hanan, Bradley",ST LOUIS,434,434,370,276,94,256,20
"Hanekamp, Stephen M",ST LOUIS,429,429,346,181,165,151,30
"Hopkins, Richard",ST LOUIS,82,82,74,44,30,35,9
"Imsland, Lori",ST LOUIS,405,405,330,175,155,138,37
"Jecklin, Katherine",ST LOUIS,309,309,267,95,172,69,26
"Leslie, Lisa",ST LOUIS,401,401,326,100,226,65,35
"Luetkenhaus, Robert V",ST LOUIS,444,444,359,132,227,109,23
"Meyr, Gerald",ST LOUIS,2,2,2,0,2,0,0
"Mueller, Koren",ST LOUIS,129,129,106,45,61,38,7
"Neal, Toni",ST LOUIS,25,86,21,5,16,4,1
"Pico, Gerardo R",ST LOUIS,2,248,2,1,1,1,0
"Plucker, Nathaniel",ST LOUIS,189,189,139,88,51,71,17
"Price, John R",ST LOUIS,544,544,474,239,235,205,34
"Wallis, William",ST LOUIS,379,379,316,265,51,248,17
"Wilson, Shreese M",ST LOUIS,9,160,6,2,4,2,0
"Alderisio, James P",ST PETERSBURG FL OHO,489,489,414,266,148,235,31
"Gartner, Richard P",ST PETERSBURG FL OHO,64,64,58,42,16,41,1
"Green, Gloria W",ST PETERSBURG FL OHO,4,127,4,3,1,2,1
"Kafkas, Peter",ST PETERSBURG FL OHO,490,490,407,240,167,213,27
"Lowther, Sheila",ST PETERSBURG FL OHO,33,38,28,18,10,18,0
"Messina, Christopher",ST PETERSBURG FL OHO,46,93,34,28,6,27,1
"Smith, Donald G",ST PETERSBURG FL OHO,520,520,436,279,157,255,24
"Sprague, Anne V",ST PETERSBURG FL OHO,63,63,46,25,21,24,1
"Bechtold, Young L",STOCKTON,286,379,230,91,139,41,50
"Chan, Eva",STOCKTON,259,477,234,111,123,75,36
"Marcee, Joseph",STOCKTON,144,323,115,61,54,50,11
"Misenti, Vincent A.",STOCKTON,346,346,293,82,211,56,26
"Skarda, Trevor",STOCKTON,223,226,177,114,63,94,20
"Eldred, Jeremy G",SYRACUSE,391,391,330,221,109,198,23
"Fein, Bruce S",SYRACUSE,392,392,321,213,108,193,20
"Greisler, Gretchen M",SYRACUSE,420,420,333,153,180,104,49
"Hoffman, Robyn L",SYRACUSE,220,220,176,103,73,84,19
"Pelton, Mary J",SYRACUSE,500,500,434,192,242,171,21
"Ramos, John P",SYRACUSE,228,230,191,106,85,93,13
"Smith, Jennifer G",SYRACUSE,398,398,332,232,100,218,14
"Theurer, Kenneth",SYRACUSE,565,565,456,211,245,183,28
"Wright, Anna",SYRACUSE,115,226,105,59,46,38,21
"Erickson, Allen G",TACOMA,193,373,142,45,97,28,17
"Johnson, David",TACOMA,452,457,348,158,190,121,37
"Kidd, M. S",TACOMA,3,10,2,0,2,0,0
"Lee, Lawrence",TACOMA,5,5,1,1,0,1,0
"Sullivan, Margaret M",TACOMA,418,418,338,302,36,283,19
"Triplett, Mark",TACOMA,461,461,358,178,180,154,24
"Dixon III, Andrew",TALLAHASSEE FL OHO,265,282,214,146,68,120,26
"Heller, Joshua R",TALLAHASSEE FL OHO,371,371,310,184,126,156,28
"Herman, David",TALLAHASSEE FL OHO,361,361,299,159,140,130,29
"McCamley, Janet",TALLAHASSEE FL OHO,101,101,86,44,42,42,2
"Paddack, Stacy",TALLAHASSEE FL OHO,346,346,301,258,43,151,107
"Raleigh, Lisa",TALLAHASSEE FL OHO,337,337,269,137,132,112,25
"Ballieu, Robert",TAMPA OHO,291,291,235,159,76,145,14
"Craig, Margaret",TAMPA OHO,299,299,249,153,96,140,13
"Dawkins, John",TAMPA OHO,382,382,322,183,139,154,29
"Downs, Amber",TAMPA OHO,269,269,242,76,166,61,15
"Kirzner, Ryan",TAMPA OHO,339,339,296,150,146,122,28
"Marzan, Shirley A",TAMPA OHO,429,429,363,246,117,233,13
"McGhee, Carl C",TAMPA OHO,348,348,297,213,84,188,25
"McIntosh, Melissa J",TAMPA OHO,413,413,373,245,128,213,32
"Pierce, Katie H",TAMPA OHO,1,74,1,1,0,0,1
"Slahta, Steven D",TAMPA OHO,222,222,196,119,77,114,5
"Vallecillo, Gonzalo",TAMPA OHO,145,150,114,64,50,56,8
"Watkins, Glen H.",TAMPA OHO,458,458,375,151,224,132,19
"Zanotti, Barbara J",TAMPA OHO,350,350,292,192,100,174,18
"Ashford, Earl",TOLEDO OH,483,483,412,215,197,176,39
"Carey, Patricia",TOLEDO OH,438,438,381,204,177,163,41
"Jacques, Meredith L",TOLEDO OH,391,512,361,173,188,125,48
"Kerber, Carrie",TOLEDO OH,253,481,214,110,104,87,23
"Mantel, Dianne S",TOLEDO OH,406,406,359,155,204,110,45
"Sher, Paul",TOLEDO OH,118,118,104,43,61,34,9
"Southern, Noceeba",TOLEDO OH,469,470,416,204,212,152,52
"Vitellio, Gabrielle R",TOLEDO OH,396,396,350,304,46,255,49
"Winters, Kathleen",TOLEDO OH,154,154,128,26,102,23,3
"Burrichter, Michael D",TOPEKA KS,351,351,288,109,179,97,12
"Hardy, Pearline",TOPEKA KS,174,174,156,87,69,60,27
"Johnson, Scott",TOPEKA KS,388,388,320,130,190,116,14
"Tran, Lauren K.",TOPEKA KS,293,410,261,113,148,69,44
"Baum, Peter J",TUCSON,331,416,277,194,83,179,15
"Chen, Tin Tin",TUCSON,315,315,244,199,45,186,13
"Davis, Charles",TUCSON,441,441,355,264,91,217,47
"Elias, Yasmin",TUCSON,112,143,86,59,27,45,14
"Havens, Laura S",TUCSON,383,383,318,156,162,139,17
"Johnson, Larry E",TUCSON,356,356,303,247,56,227,20
"Paternoster, Sasha",TUCSON,2,186,1,1,0,1,0
"Bentley, J. Leland",TULSA OHO,44,398,37,19,18,19,0
"Dexter, Deirdre O",TULSA OHO,289,289,257,191,66,164,27
"Engel, David W",TULSA OHO,252,304,200,168,32,137,31
"Hunt, Christopher",TULSA OHO,402,402,345,178,167,164,14
"LeBlanc, Dennis",TULSA OHO,380,380,321,199,122,165,34
"Liter, Luke",TULSA OHO,469,469,405,254,151,186,68
"Mannes, Michael",TULSA OHO,53,467,50,23,27,20,3
"Martin, Cindy",TULSA OHO,422,422,363,239,124,219,20
"Renfroe, Mary M",TULSA OHO,1,221,1,1,0,0,1
"Wurm, David R",TULSA OHO,1,500,1,1,0,0,1
"Barkley III, H.J.",TUPELO,401,401,337,224,113,220,4
"DePrimo, Michael",TUPELO,221,221,190,111,79,84,27
"Jones, Brian",TUPELO,34,195,28,19,9,16,3
"Lott, Roger",TUPELO,414,415,351,225,126,204,21
"Maddox, Gregory A",TUPELO,140,140,119,86,33,74,12
"Mashburn, Shannon",TUPELO,406,406,322,233,89,202,31
"Crisman, Alison",VALPARAISO IN,403,506,343,172,171,130,42
"Foster, Leeanne",VALPARAISO IN,476,476,431,256,175,208,48
"Hubert, Mary P",VALPARAISO IN,185,380,154,105,49,93,12
"Jake, Tiffani T",VALPARAISO IN,415,415,360,228,132,172,56
"LaMarche, Dina",VALPARAISO IN,490,490,434,245,189,182,63
"Morales, Livia",VALPARAISO IN,66,446,56,25,31,14,11
"Scales, Romona",VALPARAISO IN,160,160,134,71,63,50,21
"Ayer, F. H",WASHINGTON,257,257,208,137,71,123,14
"Begley, David J",WASHINGTON,182,192,136,75,61,61,14
"Blount, NaKeisha",WASHINGTON,401,401,336,256,80,209,47
"Bryant, S A",WASHINGTON,383,383,290,242,48,226,16
"Chaykin, Benjamin",WASHINGTON,101,298,86,50,36,40,10
"Cutlar, Malik",WASHINGTON,346,346,300,195,105,142,53
"Emerson, Andrew M",WASHINGTON,301,301,248,124,124,114,10
"Haaversen, Hortensia",WASHINGTON,59,389,38,29,9,27,2
"Hannan, B.",WASHINGTON,123,347,99,55,44,46,9
"Kotval, Raghav",WASHINGTON,389,389,301,148,153,109,39
"Krasnow, M.",WASHINGTON,347,347,277,95,182,84,11
"Cascio, Vincent M",WHITE PLAINS,161,161,147,103,44,94,9
"Gonzalez, Robert",WHITE PLAINS,303,530,266,207,59,187,20
"Lemoine, Brian W",WHITE PLAINS,195,350,162,122,40,115,7
"McCormack, Kieran",WHITE PLAINS,173,319,140,70,70,57,13
"Michalec Olszewski, Lau",WHITE PLAINS,124,196,95,44,51,39,5
"Singh, Sharda",WHITE PLAINS,223,388,196,138,58,128,10
"Stacchini, Michael J",WHITE PLAINS,235,383,204,132,72,124,8
"Brookins, Alison K",WICHITA,29,29,24,12,12,10,2
"Evans, Edward E",WICHITA,361,361,300,118,182,103,15
"Leary, Mary J",WICHITA,69,138,61,23,38,15,8
"Neal, Toni",WICHITA,4,86,4,1,3,0,1
"Page, David",WICHITA,403,403,358,282,76,234,48
"Toth, Susan",WICHITA,444,444,378,145,233,81,64
"Balutis, Daniel",WILKES BARRE,366,366,298,68,230,50,18
"Barletta, Frank",WILKES BARRE,499,499,443,219,224,190,29
"Brady, Edward L",WILKES BARRE,454,454,386,211,175,188,23
"Dominick, Charles A",WILKES BARRE,485,485,415,229,186,207,22
"Hardiman, Therese A",WILKES BARRE,361,361,280,173,107,167,6
"Langan, Gerard W",WILKES BARRE,440,440,381,179,202,140,39
"Oleyar, Mike",WILKES BARRE,202,202,178,96,82,78,18
"Stolls, Michele",WILKES BARRE,428,428,369,176,193,150,26
"Tranguch, Jarrod",WILKES BARRE,443,443,366,136,230,111,25
"Wing, Timothy",WILKES BARRE,374,374,324,158,166,140,18
"Wolfe, Michelle",WILKES BARRE,373,373,314,92,222,75,17
